dataset,algorithm,seed,totalScore,kpiScore,costScore,timeScore,estimatedKpis,totalCost,baseMakespan,actualMakespan,feasible,hardViolations,objectiveEvaluations,evaluationAtBest,iterations,runtimeSeconds,converged
msrcpsp_100_10_27_9_D2,hybrid_hs_ga_guided_mutation_hs150_ga850,1,75.21,98.56,57.11,55.52,"{""PROJECT_COMPLETION"": 98.3539173333333, ""Q0_DELIVERY_COMPLETION"": 96.2962953333333, ""Q1_DELIVERY_COMPLETION"": 99.99999899999997, ""Q2_DELIVERY_COMPLETION"": 93.93939299999998, ""Q3_DELIVERY_COMPLETION"": 99.99999899999997, ""Q4_DELIVERY_COMPLETION"": 100.0, ""Q5_DELIVERY_COMPLETION"": 100.00000200000001, ""Q6_DELIVERY_COMPLETION"": 99.99999799999999, ""Q7_DELIVERY_COMPLETION"": 97.61904566666662, ""Q8_DELIVERY_COMPLETION"": 100.0}",42543.9,166.0,299.0,True,0,1000,962,138,3.059986,True
msrcpsp_100_10_27_9_D2,hybrid_hs_ga_guided_mutation_hs150_ga850,2,77.34,98.32,53.73,63.85,"{""PROJECT_COMPLETION"": 97.94239466666663, ""Q0_DELIVERY_COMPLETION"": 99.99999899999997, ""Q1_DELIVERY_COMPLETION"": 99.99999899999997, ""Q2_DELIVERY_COMPLETION"": 99.99999899999997, ""Q3_DELIVERY_COMPLETION"": 99.99999899999997, ""Q4_DELIVERY_COMPLETION"": 95.83333333333333, ""Q5_DELIVERY_COMPLETION"": 100.00000200000001, ""Q6_DELIVERY_COMPLETION"": 99.99999799999999, ""Q7_DELIVERY_COMPLETION"": 90.47618866666663, ""Q8_DELIVERY_COMPLETION"": 100.0}",44227.7,166.0,260.0,True,0,1000,927,138,3.047956,True
msrcpsp_100_10_27_9_D2,hybrid_hs_ga_guided_mutation_hs150_ga850,3,76.74,99.55,55.95,59.29,"{""PROJECT_COMPLETION"": 99.58848533333328, ""Q0_DELIVERY_COMPLETION"": 99.99999899999997, ""Q1_DELIVERY_COMPLETION"": 99.99999899999997, ""Q2_DELIVERY_COMPLETION"": 99.99999899999997, ""Q3_DELIVERY_COMPLETION"": 99.99999899999997, ""Q4_DELIVERY_COMPLETION"": 95.83333333333333, ""Q5_DELIVERY_COMPLETION"": 100.00000200000001, ""Q6_DELIVERY_COMPLETION"": 99.99999799999999, ""Q7_DELIVERY_COMPLETION"": 99.99999799999995, ""Q8_DELIVERY_COMPLETION"": 100.0}",43122.0,166.0,280.0,True,0,1000,945,138,2.857898,True
msrcpsp_100_10_27_9_D2,hybrid_hs_ga_guided_mutation_hs150_ga850,4,76.48,100.0,55.49,58.25,"{""PROJECT_COMPLETION"": 100.00000799999995, ""Q0_DELIVERY_COMPLETION"": 99.99999899999997, ""Q1_DELIVERY_COMPLETION"": 99.99999899999997, ""Q2_DELIVERY_COMPLETION"": 99.99999899999997, ""Q3_DELIVERY_COMPLETION"": 99.99999899999997, ""Q4_DELIVERY_COMPLETION"": 100.0, ""Q5_DELIVERY_COMPLETION"": 100.00000200000001, ""Q6_DELIVERY_COMPLETION"": 99.99999799999999, ""Q7_DELIVERY_COMPLETION"": 99.99999799999995, ""Q8_DELIVERY_COMPLETION"": 100.0}",43349.0,166.0,285.0,True,0,1000,986,138,2.837998,True
msrcpsp_100_10_27_9_D2,hybrid_hs_ga_guided_mutation_hs150_ga850,5,76.1,98.66,61.33,55.52,"{""PROJECT_COMPLETION"": 98.3539173333333, ""Q0_DELIVERY_COMPLETION"": 96.2962953333333, ""Q1_DELIVERY_COMPLETION"": 99.99999899999997, ""Q2_DELIVERY_COMPLETION"": 99.99999899999997, ""Q3_DELIVERY_COMPLETION"": 99.99999899999997, ""Q4_DELIVERY_COMPLETION"": 100.0, ""Q5_DELIVERY_COMPLETION"": 100.00000200000001, ""Q6_DELIVERY_COMPLETION"": 99.99999799999999, ""Q7_DELIVERY_COMPLETION"": 92.85714099999998, ""Q8_DELIVERY_COMPLETION"": 100.0}",40437.7,166.0,299.0,True,0,1000,912,138,2.854232,True
msrcpsp_100_10_27_9_D2,hybrid_hs_ga_guided_mutation_hs150_ga850,6,76.02,98.15,56.25,58.87,"{""PROJECT_COMPLETION"": 97.53087199999997, ""Q0_DELIVERY_COMPLETION"": 99.99999899999997, ""Q1_DELIVERY_COMPLETION"": 99.99999899999997, ""Q2_DELIVERY_COMPLETION"": 99.99999899999997, ""Q3_DELIVERY_COMPLETION"": 99.99999899999997, ""Q4_DELIVERY_COMPLETION"": 100.0, ""Q5_DELIVERY_COMPLETION"": 100.00000200000001, ""Q6_DELIVERY_COMPLETION"": 99.99999799999999, ""Q7_DELIVERY_COMPLETION"": 85.71428399999999, ""Q8_DELIVERY_COMPLETION"": 100.0}",42971.9,166.0,282.0,True,0,1000,953,138,2.878751,True
msrcpsp_100_10_27_9_D2,hybrid_hs_ga_guided_mutation_hs150_ga850,7,75.92,97.22,58.22,58.66,"{""PROJECT_COMPLETION"": 97.1193493333333, ""Q0_DELIVERY_COMPLETION"": 99.99999899999997, ""Q1_DELIVERY_COMPLETION"": 99.99999899999997, ""Q2_DELIVERY_COMPLETION"": 99.99999899999997, ""Q3_DELIVERY_COMPLETION"": 77.77777699999999, ""Q4_DELIVERY_COMPLETION"": 100.0, ""Q5_DELIVERY_COMPLETION"": 100.00000200000001, ""Q6_DELIVERY_COMPLETION"": 99.99999799999999, ""Q7_DELIVERY_COMPLETION"": 97.61904566666662, ""Q8_DELIVERY_COMPLETION"": 100.0}",41991.5,166.0,283.0,True,0,1000,846,138,2.963738,True
msrcpsp_100_10_27_9_D2,hybrid_hs_ga_guided_mutation_hs150_ga850,8,76.59,99.24,58.08,58.04,"{""PROJECT_COMPLETION"": 99.17696266666664, ""Q0_DELIVERY_COMPLETION"": 99.99999899999997, ""Q1_DELIVERY_COMPLETION"": 99.99999899999997, ""Q2_DELIVERY_COMPLETION"": 99.99999899999997, ""Q3_DELIVERY_COMPLETION"": 99.99999899999997, ""Q4_DELIVERY_COMPLETION"": 100.0, ""Q5_DELIVERY_COMPLETION"": 100.00000200000001, ""Q6_DELIVERY_COMPLETION"": 99.99999799999999, ""Q7_DELIVERY_COMPLETION"": 97.61904566666664, ""Q8_DELIVERY_COMPLETION"": 95.83333333333333}",42057.0,166.0,286.0,True,0,1000,876,138,2.856858,True
msrcpsp_100_10_27_9_D2,hybrid_hs_ga_guided_mutation_hs150_ga850,9,75.78,98.35,62.35,54.43,"{""PROJECT_COMPLETION"": 98.14815599999996, ""Q0_DELIVERY_COMPLETION"": 96.29629533333332, ""Q1_DELIVERY_COMPLETION"": 99.99999899999997, ""Q2_DELIVERY_COMPLETION"": 99.99999899999997, ""Q3_DELIVERY_COMPLETION"": 94.44444349999998, ""Q4_DELIVERY_COMPLETION"": 100.0, ""Q5_DELIVERY_COMPLETION"": 100.00000200000001, ""Q6_DELIVERY_COMPLETION"": 99.99999799999999, ""Q7_DELIVERY_COMPLETION"": 95.23809333333331, ""Q8_DELIVERY_COMPLETION"": 100.0}",39927.5,166.0,305.0,True,0,1000,997,138,2.894247,True
msrcpsp_100_10_27_9_D2,hybrid_hs_ga_guided_mutation_hs150_ga850,10,76.51,99.28,60.04,56.66,"{""PROJECT_COMPLETION"": 99.17696266666661, ""Q0_DELIVERY_COMPLETION"": 99.99999899999997, ""Q1_DELIVERY_COMPLETION"": 99.99999899999997, ""Q2_DELIVERY_COMPLETION"": 93.93939299999998, ""Q3_DELIVERY_COMPLETION"": 99.99999899999997, ""Q4_DELIVERY_COMPLETION"": 100.0, ""Q5_DELIVERY_COMPLETION"": 100.00000200000001, ""Q6_DELIVERY_COMPLETION"": 99.99999799999999, ""Q7_DELIVERY_COMPLETION"": 99.99999799999995, ""Q8_DELIVERY_COMPLETION"": 100.0}",41079.7,166.0,293.0,True,0,1000,839,138,2.915024,True
msrcpsp_100_10_27_9_D2,hybrid_hs_ga_guided_mutation_hs150_ga850,11,75.97,96.36,58.18,59.93,"{""PROJECT_COMPLETION"": 96.29630399999995, ""Q0_DELIVERY_COMPLETION"": 88.88888799999998, ""Q1_DELIVERY_COMPLETION"": 99.99999899999997, ""Q2_DELIVERY_COMPLETION"": 99.99999899999997, ""Q3_DELIVERY_COMPLETION"": 99.99999899999997, ""Q4_DELIVERY_COMPLETION"": 100.0, ""Q5_DELIVERY_COMPLETION"": 100.00000200000001, ""Q6_DELIVERY_COMPLETION"": 85.71428399999999, ""Q7_DELIVERY_COMPLETION"": 92.85714099999996, ""Q8_DELIVERY_COMPLETION"": 100.0}",42007.9,166.0,277.0,True,0,1000,1000,138,2.882585,True
msrcpsp_100_10_27_9_D2,hybrid_hs_ga_guided_mutation_hs150_ga850,12,77.3,98.94,59.02,59.93,"{""PROJECT_COMPLETION"": 98.76543999999997, ""Q0_DELIVERY_COMPLETION"": 99.99999899999997, ""Q1_DELIVERY_COMPLETION"": 99.99999899999997, ""Q2_DELIVERY_COMPLETION"": 99.99999899999997, ""Q3_DELIVERY_COMPLETION"": 99.99999899999997, ""Q4_DELIVERY_COMPLETION"": 95.83333333333333, ""Q5_DELIVERY_COMPLETION"": 100.00000200000001, ""Q6_DELIVERY_COMPLETION"": 99.99999799999999, ""Q7_DELIVERY_COMPLETION"": 95.2380933333333, ""Q8_DELIVERY_COMPLETION"": 100.0}",41590.2,166.0,277.0,True,0,1000,881,138,2.85149,True
msrcpsp_100_10_27_9_D2,hybrid_hs_ga_guided_mutation_hs150_ga850,13,76.73,99.69,58.5,57.64,"{""PROJECT_COMPLETION"": 99.58848533333328, ""Q0_DELIVERY_COMPLETION"": 99.99999899999997, ""Q1_DELIVERY_COMPLETION"": 99.99999899999997, ""Q2_DELIVERY_COMPLETION"": 99.99999899999997, ""Q3_DELIVERY_COMPLETION"": 99.99999899999997, ""Q4_DELIVERY_COMPLETION"": 100.0, ""Q5_DELIVERY_COMPLETION"": 100.00000200000001, ""Q6_DELIVERY_COMPLETION"": 99.99999799999999, ""Q7_DELIVERY_COMPLETION"": 97.61904566666664, ""Q8_DELIVERY_COMPLETION"": 100.0}",41851.6,166.0,288.0,True,0,1000,914,138,2.905149,True
msrcpsp_100_10_27_9_D2,hybrid_hs_ga_guided_mutation_hs150_ga850,14,76.01,99.69,54.88,57.64,"{""PROJECT_COMPLETION"": 99.58848533333328, ""Q0_DELIVERY_COMPLETION"": 99.99999899999997, ""Q1_DELIVERY_COMPLETION"": 99.99999899999997, ""Q2_DELIVERY_COMPLETION"": 99.99999899999997, ""Q3_DELIVERY_COMPLETION"": 99.99999899999997, ""Q4_DELIVERY_COMPLETION"": 100.0, ""Q5_DELIVERY_COMPLETION"": 100.00000200000001, ""Q6_DELIVERY_COMPLETION"": 99.99999799999999, ""Q7_DELIVERY_COMPLETION"": 97.61904566666664, ""Q8_DELIVERY_COMPLETION"": 100.0}",43654.3,166.0,288.0,True,0,1000,948,138,2.882709,True
msrcpsp_100_10_27_9_D2,hybrid_hs_ga_guided_mutation_hs150_ga850,15,78.22,96.81,58.46,65.61,"{""PROJECT_COMPLETION"": 96.70782666666663, ""Q0_DELIVERY_COMPLETION"": 96.2962953333333, ""Q1_DELIVERY_COMPLETION"": 88.88888799999998, ""Q2_DELIVERY_COMPLETION"": 99.99999899999997, ""Q3_DELIVERY_COMPLETION"": 88.88888799999998, ""Q4_DELIVERY_COMPLETION"": 100.0, ""Q5_DELIVERY_COMPLETION"": 100.00000200000001, ""Q6_DELIVERY_COMPLETION"": 99.99999799999999, ""Q7_DELIVERY_COMPLETION"": 97.61904566666664, ""Q8_DELIVERY_COMPLETION"": 100.0}",41869.2,166.0,253.0,True,0,1000,988,138,2.880288,True
msrcpsp_100_10_27_9_D2,hybrid_hs_ga_guided_mutation_hs150_ga850,16,76.03,98.94,58.73,56.46,"{""PROJECT_COMPLETION"": 98.76543999999996, ""Q0_DELIVERY_COMPLETION"": 99.99999899999997, ""Q1_DELIVERY_COMPLETION"": 99.99999899999997, ""Q2_DELIVERY_COMPLETION"": 99.99999899999997, ""Q3_DELIVERY_COMPLETION"": 99.99999899999997, ""Q4_DELIVERY_COMPLETION"": 95.83333333333333, ""Q5_DELIVERY_COMPLETION"": 100.00000200000001, ""Q6_DELIVERY_COMPLETION"": 99.99999799999999, ""Q7_DELIVERY_COMPLETION"": 95.23809333333332, ""Q8_DELIVERY_COMPLETION"": 100.0}",41736.0,166.0,294.0,True,0,1000,768,138,2.857692,True
msrcpsp_100_10_27_9_D2,hybrid_hs_ga_guided_mutation_hs150_ga850,17,78.07,97.44,55.35,66.14,"{""PROJECT_COMPLETION"": 97.32511066666663, ""Q0_DELIVERY_COMPLETION"": 92.59259166666665, ""Q1_DELIVERY_COMPLETION"": 99.99999899999997, ""Q2_DELIVERY_COMPLETION"": 96.96969599999997, ""Q3_DELIVERY_COMPLETION"": 94.44444349999998, ""Q4_DELIVERY_COMPLETION"": 95.83333333333333, ""Q5_DELIVERY_COMPLETION"": 100.00000200000001, ""Q6_DELIVERY_COMPLETION"": 99.99999799999999, ""Q7_DELIVERY_COMPLETION"": 97.61904566666664, ""Q8_DELIVERY_COMPLETION"": 100.0}",43419.0,166.0,251.0,True,0,1000,802,138,2.8595,True
msrcpsp_100_10_27_9_D2,hybrid_hs_ga_guided_mutation_hs150_ga850,18,76.23,97.72,56.77,59.71,"{""PROJECT_COMPLETION"": 97.53087199999996, ""Q0_DELIVERY_COMPLETION"": 99.99999899999997, ""Q1_DELIVERY_COMPLETION"": 99.99999899999997, ""Q2_DELIVERY_COMPLETION"": 96.96969599999997, ""Q3_DELIVERY_COMPLETION"": 96.29629533333332, ""Q4_DELIVERY_COMPLETION"": 91.66666666666666, ""Q5_DELIVERY_COMPLETION"": 100.00000200000001, ""Q6_DELIVERY_COMPLETION"": 99.99999799999999, ""Q7_DELIVERY_COMPLETION"": 95.23809333333332, ""Q8_DELIVERY_COMPLETION"": 100.0}",42710.6,166.0,278.0,True,0,1000,765,138,2.887303,True
msrcpsp_100_10_27_9_D2,hybrid_hs_ga_guided_mutation_hs150_ga850,19,76.05,98.77,60.24,55.89,"{""PROJECT_COMPLETION"": 98.35391733333329, ""Q0_DELIVERY_COMPLETION"": 99.99999899999997, ""Q1_DELIVERY_COMPLETION"": 99.99999899999997, ""Q2_DELIVERY_COMPLETION"": 99.99999899999997, ""Q3_DELIVERY_COMPLETION"": 99.99999899999997, ""Q4_DELIVERY_COMPLETION"": 100.0, ""Q5_DELIVERY_COMPLETION"": 100.00000200000001, ""Q6_DELIVERY_COMPLETION"": 99.99999799999999, ""Q7_DELIVERY_COMPLETION"": 90.47618866666664, ""Q8_DELIVERY_COMPLETION"": 100.0}",40983.7,166.0,297.0,True,0,1000,959,138,2.897986,True
msrcpsp_100_10_27_9_D2,hybrid_hs_ga_guided_mutation_hs150_ga850,20,75.93,97.08,56.7,59.71,"{""PROJECT_COMPLETION"": 97.11934933333329, ""Q0_DELIVERY_COMPLETION"": 99.99999899999997, ""Q1_DELIVERY_COMPLETION"": 99.99999899999997, ""Q2_DELIVERY_COMPLETION"": 99.99999899999997, ""Q3_DELIVERY_COMPLETION"": 77.77777699999999, ""Q4_DELIVERY_COMPLETION"": 95.83333333333333, ""Q5_DELIVERY_COMPLETION"": 100.00000200000001, ""Q6_DELIVERY_COMPLETION"": 99.99999799999999, ""Q7_DELIVERY_COMPLETION"": 99.99999799999995, ""Q8_DELIVERY_COMPLETION"": 100.0}",42746.9,166.0,278.0,True,0,1000,970,138,2.857971,True
msrcpsp_100_10_27_9_D2,hybrid_hs_ga_guided_mutation_hs150_ga850,21,76.63,98.46,58.24,59.07,"{""PROJECT_COMPLETION"": 97.94239466666663, ""Q0_DELIVERY_COMPLETION"": 99.99999899999997, ""Q1_DELIVERY_COMPLETION"": 99.99999899999997, ""Q2_DELIVERY_COMPLETION"": 99.99999899999997, ""Q3_DELIVERY_COMPLETION"": 99.99999899999997, ""Q4_DELIVERY_COMPLETION"": 100.0, ""Q5_DELIVERY_COMPLETION"": 100.00000200000001, ""Q6_DELIVERY_COMPLETION"": 99.99999799999999, ""Q7_DELIVERY_COMPLETION"": 88.09523633333333, ""Q8_DELIVERY_COMPLETION"": 100.0}",41976.6,166.0,281.0,True,0,1000,947,138,2.870097,True
msrcpsp_100_10_27_9_D2,hybrid_hs_ga_guided_mutation_hs150_ga850,22,76.19,96.91,59.5,59.07,"{""PROJECT_COMPLETION"": 96.70782666666663, ""Q0_DELIVERY_COMPLETION"": 88.88888799999998, ""Q1_DELIVERY_COMPLETION"": 88.88888799999998, ""Q2_DELIVERY_COMPLETION"": 99.99999899999997, ""Q3_DELIVERY_COMPLETION"": 99.99999899999997, ""Q4_DELIVERY_COMPLETION"": 100.0, ""Q5_DELIVERY_COMPLETION"": 100.00000200000001, ""Q6_DELIVERY_COMPLETION"": 99.99999799999999, ""Q7_DELIVERY_COMPLETION"": 95.23809333333331, ""Q8_DELIVERY_COMPLETION"": 100.0}",41348.8,166.0,281.0,True,0,1000,974,138,2.882867,True
msrcpsp_100_10_27_9_D2,hybrid_hs_ga_guided_mutation_hs150_ga850,23,76.34,99.02,58.74,57.24,"{""PROJECT_COMPLETION"": 98.76543999999996, ""Q0_DELIVERY_COMPLETION"": 99.99999899999997, ""Q1_DELIVERY_COMPLETION"": 99.99999899999997, ""Q2_DELIVERY_COMPLETION"": 96.96969599999998, ""Q3_DELIVERY_COMPLETION"": 99.99999899999997, ""Q4_DELIVERY_COMPLETION"": 100.0, ""Q5_DELIVERY_COMPLETION"": 100.00000200000001, ""Q6_DELIVERY_COMPLETION"": 99.99999799999999, ""Q7_DELIVERY_COMPLETION"": 95.23809333333332, ""Q8_DELIVERY_COMPLETION"": 100.0}",41731.4,166.0,290.0,True,0,1000,993,138,2.847963,True
msrcpsp_100_10_27_9_D2,hybrid_hs_ga_guided_mutation_hs150_ga850,24,77.04,99.69,58.98,58.25,"{""PROJECT_COMPLETION"": 99.5884853333333, ""Q0_DELIVERY_COMPLETION"": 99.99999899999997, ""Q1_DELIVERY_COMPLETION"": 99.99999899999997, ""Q2_DELIVERY_COMPLETION"": 99.99999899999997, ""Q3_DELIVERY_COMPLETION"": 99.99999899999997, ""Q4_DELIVERY_COMPLETION"": 100.0, ""Q5_DELIVERY_COMPLETION"": 100.00000200000001, ""Q6_DELIVERY_COMPLETION"": 99.99999799999999, ""Q7_DELIVERY_COMPLETION"": 97.61904566666662, ""Q8_DELIVERY_COMPLETION"": 100.0}",41610.8,166.0,285.0,True,0,1000,920,138,2.939449,True
msrcpsp_100_10_27_9_D2,hybrid_hs_ga_guided_mutation_hs150_ga850,25,76.56,99.69,59.0,56.85,"{""PROJECT_COMPLETION"": 99.5884853333333, ""Q0_DELIVERY_COMPLETION"": 99.99999899999997, ""Q1_DELIVERY_COMPLETION"": 99.99999899999997, ""Q2_DELIVERY_COMPLETION"": 99.99999899999997, ""Q3_DELIVERY_COMPLETION"": 99.99999899999997, ""Q4_DELIVERY_COMPLETION"": 100.0, ""Q5_DELIVERY_COMPLETION"": 100.00000200000001, ""Q6_DELIVERY_COMPLETION"": 99.99999799999999, ""Q7_DELIVERY_COMPLETION"": 97.61904566666662, ""Q8_DELIVERY_COMPLETION"": 100.0}",41601.6,166.0,292.0,True,0,1000,984,138,2.899918,True
msrcpsp_100_10_27_9_D2,hybrid_hs_ga_guided_mutation_hs150_ga850,26,75.87,99.24,60.52,54.61,"{""PROJECT_COMPLETION"": 99.17696266666661, ""Q0_DELIVERY_COMPLETION"": 99.99999899999997, ""Q1_DELIVERY_COMPLETION"": 99.99999899999997, ""Q2_DELIVERY_COMPLETION"": 99.99999899999997, ""Q3_DELIVERY_COMPLETION"": 99.99999899999997, ""Q4_DELIVERY_COMPLETION"": 95.83333333333333, ""Q5_DELIVERY_COMPLETION"": 100.00000200000001, ""Q6_DELIVERY_COMPLETION"": 99.99999799999999, ""Q7_DELIVERY_COMPLETION"": 97.61904566666664, ""Q8_DELIVERY_COMPLETION"": 100.0}",40844.0,166.0,304.0,True,0,1000,933,138,2.89388,True
msrcpsp_100_10_27_9_D2,hybrid_hs_ga_guided_mutation_hs150_ga850,27,75.45,97.07,57.96,57.64,"{""PROJECT_COMPLETION"": 96.70782666666663, ""Q0_DELIVERY_COMPLETION"": 99.99999899999997, ""Q1_DELIVERY_COMPLETION"": 99.99999899999997, ""Q2_DELIVERY_COMPLETION"": 90.90908999999998, ""Q3_DELIVERY_COMPLETION"": 88.88888799999998, ""Q4_DELIVERY_COMPLETION"": 100.0, ""Q5_DELIVERY_COMPLETION"": 100.00000200000001, ""Q6_DELIVERY_COMPLETION"": 99.99999799999999, ""Q7_DELIVERY_COMPLETION"": 95.23809333333331, ""Q8_DELIVERY_COMPLETION"": 100.0}",42119.4,166.0,288.0,True,0,1000,991,138,2.950165,True
msrcpsp_100_10_27_9_D2,hybrid_hs_ga_guided_mutation_hs150_ga850,28,76.0,96.14,62.44,57.84,"{""PROJECT_COMPLETION"": 95.8847813333333, ""Q0_DELIVERY_COMPLETION"": 88.88888799999998, ""Q1_DELIVERY_COMPLETION"": 99.99999899999997, ""Q2_DELIVERY_COMPLETION"": 90.90908999999998, ""Q3_DELIVERY_COMPLETION"": 88.88888799999998, ""Q4_DELIVERY_COMPLETION"": 100.0, ""Q5_DELIVERY_COMPLETION"": 100.00000200000001, ""Q6_DELIVERY_COMPLETION"": 99.99999799999999, ""Q7_DELIVERY_COMPLETION"": 97.61904566666664, ""Q8_DELIVERY_COMPLETION"": 100.0}",39885.6,166.0,287.0,True,0,1000,991,138,2.88652,True
msrcpsp_100_10_27_9_D2,hybrid_hs_ga_guided_mutation_hs150_ga850,29,74.82,97.63,59.17,54.43,"{""PROJECT_COMPLETION"": 97.53087199999997, ""Q0_DELIVERY_COMPLETION"": 85.18518433333331, ""Q1_DELIVERY_COMPLETION"": 96.29629533333332, ""Q2_DELIVERY_COMPLETION"": 99.99999899999997, ""Q3_DELIVERY_COMPLETION"": 99.99999899999997, ""Q4_DELIVERY_COMPLETION"": 100.0, ""Q5_DELIVERY_COMPLETION"": 100.00000200000001, ""Q6_DELIVERY_COMPLETION"": 99.99999799999999, ""Q7_DELIVERY_COMPLETION"": 97.61904566666664, ""Q8_DELIVERY_COMPLETION"": 100.0}",41516.0,166.0,305.0,True,0,1000,898,138,2.88161,True
msrcpsp_100_10_27_9_D2,hybrid_hs_ga_guided_mutation_hs150_ga850,30,76.86,97.76,58.34,60.58,"{""PROJECT_COMPLETION"": 97.94239466666662, ""Q0_DELIVERY_COMPLETION"": 99.99999899999997, ""Q1_DELIVERY_COMPLETION"": 99.99999899999997, ""Q2_DELIVERY_COMPLETION"": 99.99999899999997, ""Q3_DELIVERY_COMPLETION"": 99.99999899999997, ""Q4_DELIVERY_COMPLETION"": 91.66666666666666, ""Q5_DELIVERY_COMPLETION"": 100.00000200000001, ""Q6_DELIVERY_COMPLETION"": 99.99999799999999, ""Q7_DELIVERY_COMPLETION"": 99.99999799999995, ""Q8_DELIVERY_COMPLETION"": 87.5}",41930.7,166.0,274.0,True,0,1000,998,138,2.880229,True
msrcpsp_100_10_512_10_A,hybrid_hs_ga_guided_mutation_hs150_ga850,1,78.32,83.83,51.2,86.73,"{""PROJECT_COMPLETION"": 83.25, ""Q0_DELIVERY_COMPLETION"": 71.56862816666667, ""Q1_DELIVERY_COMPLETION"": 75.0, ""Q2_DELIVERY_COMPLETION"": 90.78947550000001, ""Q3_DELIVERY_COMPLETION"": 59.02777541666666, ""Q4_DELIVERY_COMPLETION"": 99.99999899999997, ""Q5_DELIVERY_COMPLETION"": 96.875, ""Q6_DELIVERY_COMPLETION"": 99.99999599999997, ""Q7_DELIVERY_COMPLETION"": 77.77777699999999, ""Q8_DELIVERY_COMPLETION"": 100.0, ""Q9_DELIVERY_COMPLETION"": 69.69696899999998}",141975.2,477.0,550.0,True,0,1000,960,138,3.406915,True
msrcpsp_100_10_512_10_A,hybrid_hs_ga_guided_mutation_hs150_ga850,2,78.7,85.87,49.33,86.26,"{""PROJECT_COMPLETION"": 84.66666666666669, ""Q0_DELIVERY_COMPLETION"": 84.31372633333332, ""Q1_DELIVERY_COMPLETION"": 100.0, ""Q2_DELIVERY_COMPLETION"": 85.964914, ""Q3_DELIVERY_COMPLETION"": 66.66666399999998, ""Q4_DELIVERY_COMPLETION"": 99.99999899999997, ""Q5_DELIVERY_COMPLETION"": 96.875, ""Q6_DELIVERY_COMPLETION"": 77.08333024999997, ""Q7_DELIVERY_COMPLETION"": 77.77777699999997, ""Q8_DELIVERY_COMPLETION"": 93.33333333333333, ""Q9_DELIVERY_COMPLETION"": 81.81818099999998}",145908.8,477.0,553.0,True,0,1000,891,138,3.375832,True
msrcpsp_100_10_512_10_A,hybrid_hs_ga_guided_mutation_hs150_ga850,3,78.06,84.43,47.74,87.2,"{""PROJECT_COMPLETION"": 83.58333333333333, ""Q0_DELIVERY_COMPLETION"": 69.11764775000002, ""Q1_DELIVERY_COMPLETION"": 75.0, ""Q2_DELIVERY_COMPLETION"": 92.105265, ""Q3_DELIVERY_COMPLETION"": 65.27777516666666, ""Q4_DELIVERY_COMPLETION"": 99.99999899999997, ""Q5_DELIVERY_COMPLETION"": 93.75, ""Q6_DELIVERY_COMPLETION"": 99.99999599999997, ""Q7_DELIVERY_COMPLETION"": 99.99999899999999, ""Q8_DELIVERY_COMPLETION"": 80.0, ""Q9_DELIVERY_COMPLETION"": 72.72727199999999}",149243.8,477.0,547.0,True,0,1000,952,138,3.469454,True
msrcpsp_100_10_512_10_A,hybrid_hs_ga_guided_mutation_hs150_ga850,4,79.99,90.76,50.3,83.1,"{""PROJECT_COMPLETION"": 90.08333333333334, ""Q0_DELIVERY_COMPLETION"": 88.235295, ""Q1_DELIVERY_COMPLETION"": 100.0, ""Q2_DELIVERY_COMPLETION"": 94.736844, ""Q3_DELIVERY_COMPLETION"": 72.91666374999998, ""Q4_DELIVERY_COMPLETION"": 99.99999899999997, ""Q5_DELIVERY_COMPLETION"": 96.875, ""Q6_DELIVERY_COMPLETION"": 93.74999624999998, ""Q7_DELIVERY_COMPLETION"": 88.88888799999998, ""Q8_DELIVERY_COMPLETION"": 93.33333333333333, ""Q9_DELIVERY_COMPLETION"": 81.81818099999998}",143860.5,477.0,574.0,True,0,1000,942,138,3.410074,True
msrcpsp_100_10_512_10_A,hybrid_hs_ga_guided_mutation_hs150_ga850,5,77.98,88.83,50.92,79.5,"{""PROJECT_COMPLETION"": 89.83333333333334, ""Q0_DELIVERY_COMPLETION"": 95.58823625, ""Q1_DELIVERY_COMPLETION"": 75.0, ""Q2_DELIVERY_COMPLETION"": 92.10526499999999, ""Q3_DELIVERY_COMPLETION"": 72.91666374999998, ""Q4_DELIVERY_COMPLETION"": 99.99999899999997, ""Q5_DELIVERY_COMPLETION"": 100.0, ""Q6_DELIVERY_COMPLETION"": 83.33332999999998, ""Q7_DELIVERY_COMPLETION"": 77.77777699999997, ""Q8_DELIVERY_COMPLETION"": 93.33333333333333, ""Q9_DELIVERY_COMPLETION"": 93.93939299999997}",142562.0,477.0,600.0,True,0,1000,959,138,3.388349,True
msrcpsp_100_10_512_10_A,hybrid_hs_ga_guided_mutation_hs150_ga850,6,77.42,82.91,52.3,84.72,"{""PROJECT_COMPLETION"": 82.16666666666664, ""Q0_DELIVERY_COMPLETION"": 75.98039291666669, ""Q1_DELIVERY_COMPLETION"": 100.0, ""Q2_DELIVERY_COMPLETION"": 89.03508949999998, ""Q3_DELIVERY_COMPLETION"": 58.33333099999999, ""Q4_DELIVERY_COMPLETION"": 99.99999899999997, ""Q5_DELIVERY_COMPLETION"": 93.75, ""Q6_DELIVERY_COMPLETION"": 79.16666349999998, ""Q7_DELIVERY_COMPLETION"": 77.77777699999999, ""Q8_DELIVERY_COMPLETION"": 73.33333333333333, ""Q9_DELIVERY_COMPLETION"": 84.84848399999997}",139669.6,477.0,563.0,True,0,1000,980,138,3.379775,True
msrcpsp_100_10_512_10_A,hybrid_hs_ga_guided_mutation_hs150_ga850,7,77.21,86.89,51.88,79.24,"{""PROJECT_COMPLETION"": 86.66666666666669, ""Q0_DELIVERY_COMPLETION"": 81.86274591666667, ""Q1_DELIVERY_COMPLETION"": 83.33333333333333, ""Q2_DELIVERY_COMPLETION"": 93.42105450000001, ""Q3_DELIVERY_COMPLETION"": 49.99999799999999, ""Q4_DELIVERY_COMPLETION"": 99.99999899999997, ""Q5_DELIVERY_COMPLETION"": 93.75, ""Q6_DELIVERY_COMPLETION"": 95.83332949999998, ""Q7_DELIVERY_COMPLETION"": 77.77777699999997, ""Q8_DELIVERY_COMPLETION"": 100.0, ""Q9_DELIVERY_COMPLETION"": 93.93939299999997}",140550.3,477.0,602.0,True,0,1000,998,138,3.36236,True
msrcpsp_100_10_512_10_A,hybrid_hs_ga_guided_mutation_hs150_ga850,8,79.36,88.18,51.17,84.13,"{""PROJECT_COMPLETION"": 87.50000000000001, ""Q0_DELIVERY_COMPLETION"": 71.56862816666667, ""Q1_DELIVERY_COMPLETION"": 75.0, ""Q2_DELIVERY_COMPLETION"": 94.736844, ""Q3_DELIVERY_COMPLETION"": 83.33332999999998, ""Q4_DELIVERY_COMPLETION"": 99.99999899999997, ""Q5_DELIVERY_COMPLETION"": 100.0, ""Q6_DELIVERY_COMPLETION"": 83.33332999999998, ""Q7_DELIVERY_COMPLETION"": 88.88888799999998, ""Q8_DELIVERY_COMPLETION"": 100.0, ""Q9_DELIVERY_COMPLETION"": 87.87878699999997}",142046.8,477.0,567.0,True,0,1000,979,138,3.387728,True
msrcpsp_100_10_512_10_A,hybrid_hs_ga_guided_mutation_hs150_ga850,9,79.79,86.55,49.65,88.33,"{""PROJECT_COMPLETION"": 83.99999999999999, ""Q0_DELIVERY_COMPLETION"": 73.5294125, ""Q1_DELIVERY_COMPLETION"": 100.0, ""Q2_DELIVERY_COMPLETION"": 92.10526500000002, ""Q3_DELIVERY_COMPLETION"": 61.11110866666665, ""Q4_DELIVERY_COMPLETION"": 99.99999899999997, ""Q5_DELIVERY_COMPLETION"": 87.5, ""Q6_DELIVERY_COMPLETION"": 83.33332999999998, ""Q7_DELIVERY_COMPLETION"": 99.99999899999999, ""Q8_DELIVERY_COMPLETION"": 100.0, ""Q9_DELIVERY_COMPLETION"": 78.78787799999998}",145241.7,477.0,540.0,True,0,1000,894,138,3.403039,True
msrcpsp_100_10_512_10_A,hybrid_hs_ga_guided_mutation_hs150_ga850,10,79.08,89.81,51.62,80.98,"{""PROJECT_COMPLETION"": 88.16666666666666, ""Q0_DELIVERY_COMPLETION"": 82.352942, ""Q1_DELIVERY_COMPLETION"": 100.0, ""Q2_DELIVERY_COMPLETION"": 96.05263350000001, ""Q3_DELIVERY_COMPLETION"": 70.83333049999999, ""Q4_DELIVERY_COMPLETION"": 97.22222124999998, ""Q5_DELIVERY_COMPLETION"": 87.5, ""Q6_DELIVERY_COMPLETION"": 83.33332999999998, ""Q7_DELIVERY_COMPLETION"": 99.99999899999999, ""Q8_DELIVERY_COMPLETION"": 100.0, ""Q9_DELIVERY_COMPLETION"": 87.87878699999997}",141111.6,477.0,589.0,True,0,1000,958,138,3.418456,True
msrcpsp_100_10_512_10_A,hybrid_hs_ga_guided_mutation_hs150_ga850,11,77.26,82.03,50.5,86.41,"{""PROJECT_COMPLETION"": 81.66666666666667, ""Q0_DELIVERY_COMPLETION"": 74.50980466666667, ""Q1_DELIVERY_COMPLETION"": 75.0, ""Q2_DELIVERY_COMPLETION"": 97.368423, ""Q3_DELIVERY_COMPLETION"": 43.74999824999999, ""Q4_DELIVERY_COMPLETION"": 94.44444349999999, ""Q5_DELIVERY_COMPLETION"": 96.875, ""Q6_DELIVERY_COMPLETION"": 83.33332999999999, ""Q7_DELIVERY_COMPLETION"": 77.77777699999999, ""Q8_DELIVERY_COMPLETION"": 100.0, ""Q9_DELIVERY_COMPLETION"": 78.78787799999998}",143444.6,477.0,552.0,True,0,1000,932,138,3.383497,True
msrcpsp_100_10_512_10_A,hybrid_hs_ga_guided_mutation_hs150_ga850,12,79.09,87.39,50.83,84.57,"{""PROJECT_COMPLETION"": 84.58333333333333, ""Q0_DELIVERY_COMPLETION"": 71.07843208333335, ""Q1_DELIVERY_COMPLETION"": 100.0, ""Q2_DELIVERY_COMPLETION"": 93.42105450000001, ""Q3_DELIVERY_COMPLETION"": 39.58333175, ""Q4_DELIVERY_COMPLETION"": 99.99999899999997, ""Q5_DELIVERY_COMPLETION"": 100.0, ""Q6_DELIVERY_COMPLETION"": 99.99999599999997, ""Q7_DELIVERY_COMPLETION"": 99.99999899999999, ""Q8_DELIVERY_COMPLETION"": 100.0, ""Q9_DELIVERY_COMPLETION"": 81.81818099999998}",142757.5,477.0,564.0,True,0,1000,945,138,3.436352,True
msrcpsp_100_10_512_10_A,hybrid_hs_ga_guided_mutation_hs150_ga850,13,77.08,80.38,51.63,87.36,"{""PROJECT_COMPLETION"": 79.50000000000001, ""Q0_DELIVERY_COMPLETION"": 74.50980466666668, ""Q1_DELIVERY_COMPLETION"": 75.0, ""Q2_DELIVERY_COMPLETION"": 92.105265, ""Q3_DELIVERY_COMPLETION"": 56.24999774999999, ""Q4_DELIVERY_COMPLETION"": 97.22222124999999, ""Q5_DELIVERY_COMPLETION"": 87.5, ""Q6_DELIVERY_COMPLETION"": 79.16666349999998, ""Q7_DELIVERY_COMPLETION"": 88.88888799999998, ""Q8_DELIVERY_COMPLETION"": 93.33333333333333, ""Q9_DELIVERY_COMPLETION"": 63.63636299999999}",141077.1,477.0,546.0,True,0,1000,986,138,3.398708,True
msrcpsp_100_10_512_10_A,hybrid_hs_ga_guided_mutation_hs150_ga850,14,78.29,88.19,50.82,81.26,"{""PROJECT_COMPLETION"": 87.41666666666667, ""Q0_DELIVERY_COMPLETION"": 73.03921641666668, ""Q1_DELIVERY_COMPLETION"": 75.0, ""Q2_DELIVERY_COMPLETION"": 90.7894755, ""Q3_DELIVERY_COMPLETION"": 66.66666399999998, ""Q4_DELIVERY_COMPLETION"": 99.99999899999997, ""Q5_DELIVERY_COMPLETION"": 96.875, ""Q6_DELIVERY_COMPLETION"": 99.99999599999997, ""Q7_DELIVERY_COMPLETION"": 88.88888799999998, ""Q8_DELIVERY_COMPLETION"": 100.0, ""Q9_DELIVERY_COMPLETION"": 93.93939299999997}",142776.0,477.0,587.0,True,0,1000,891,138,3.461888,True
msrcpsp_100_10_512_10_A,hybrid_hs_ga_guided_mutation_hs150_ga850,15,78.53,86.07,45.55,87.68,"{""PROJECT_COMPLETION"": 85.58333333333333, ""Q0_DELIVERY_COMPLETION"": 83.82353025, ""Q1_DELIVERY_COMPLETION"": 100.0, ""Q2_DELIVERY_COMPLETION"": 92.105265, ""Q3_DELIVERY_COMPLETION"": 72.91666374999998, ""Q4_DELIVERY_COMPLETION"": 99.99999899999997, ""Q5_DELIVERY_COMPLETION"": 81.25, ""Q6_DELIVERY_COMPLETION"": 81.24999675, ""Q7_DELIVERY_COMPLETION"": 77.77777699999997, ""Q8_DELIVERY_COMPLETION"": 93.33333333333333, ""Q9_DELIVERY_COMPLETION"": 80.30302949999998}",153832.6,477.0,544.0,True,0,1000,955,138,3.362253,True
msrcpsp_100_10_512_10_A,hybrid_hs_ga_guided_mutation_hs150_ga850,16,76.03,84.86,51.47,78.71,"{""PROJECT_COMPLETION"": 84.25, ""Q0_DELIVERY_COMPLETION"": 92.64705975, ""Q1_DELIVERY_COMPLETION"": 100.0, ""Q2_DELIVERY_COMPLETION"": 84.6491245, ""Q3_DELIVERY_COMPLETION"": 49.999998, ""Q4_DELIVERY_COMPLETION"": 99.99999899999997, ""Q5_DELIVERY_COMPLETION"": 84.375, ""Q6_DELIVERY_COMPLETION"": 83.33332999999998, ""Q7_DELIVERY_COMPLETION"": 88.88888799999998, ""Q8_DELIVERY_COMPLETION"": 73.33333333333333, ""Q9_DELIVERY_COMPLETION"": 93.93939299999997}",141408.8,477.0,606.0,True,0,1000,989,138,3.380773,True
msrcpsp_100_10_512_10_A,hybrid_hs_ga_guided_mutation_hs150_ga850,17,77.5,85.13,51.52,82.53,"{""PROJECT_COMPLETION"": 84.08333333333334, ""Q0_DELIVERY_COMPLETION"": 80.88235375, ""Q1_DELIVERY_COMPLETION"": 100.0, ""Q2_DELIVERY_COMPLETION"": 88.1578965, ""Q3_DELIVERY_COMPLETION"": 66.66666399999998, ""Q4_DELIVERY_COMPLETION"": 99.99999899999997, ""Q5_DELIVERY_COMPLETION"": 96.875, ""Q6_DELIVERY_COMPLETION"": 87.49999649999998, ""Q7_DELIVERY_COMPLETION"": 99.99999899999999, ""Q8_DELIVERY_COMPLETION"": 60.0, ""Q9_DELIVERY_COMPLETION"": 75.75757499999997}",141310.0,477.0,578.0,True,0,1000,911,138,3.384143,True
msrcpsp_100_10_512_10_A,hybrid_hs_ga_guided_mutation_hs150_ga850,18,78.79,89.22,49.51,82.1,"{""PROJECT_COMPLETION"": 87.41666666666667, ""Q0_DELIVERY_COMPLETION"": 80.39215766666668, ""Q1_DELIVERY_COMPLETION"": 100.0, ""Q2_DELIVERY_COMPLETION"": 97.368423, ""Q3_DELIVERY_COMPLETION"": 85.41666324999998, ""Q4_DELIVERY_COMPLETION"": 99.99999899999997, ""Q5_DELIVERY_COMPLETION"": 87.5, ""Q6_DELIVERY_COMPLETION"": 58.33333099999999, ""Q7_DELIVERY_COMPLETION"": 99.99999899999999, ""Q8_DELIVERY_COMPLETION"": 100.0, ""Q9_DELIVERY_COMPLETION"": 90.90908999999998}",145522.5,477.0,581.0,True,0,1000,957,138,3.31925,True
msrcpsp_100_10_512_10_A,hybrid_hs_ga_guided_mutation_hs150_ga850,19,79.6,91.13,48.27,82.67,"{""PROJECT_COMPLETION"": 89.08333333333333, ""Q0_DELIVERY_COMPLETION"": 79.90196158333335, ""Q1_DELIVERY_COMPLETION"": 100.0, ""Q2_DELIVERY_COMPLETION"": 91.228072, ""Q3_DELIVERY_COMPLETION"": 66.666664, ""Q4_DELIVERY_COMPLETION"": 94.44444349999999, ""Q5_DELIVERY_COMPLETION"": 100.0, ""Q6_DELIVERY_COMPLETION"": 99.99999599999997, ""Q7_DELIVERY_COMPLETION"": 99.99999899999999, ""Q8_DELIVERY_COMPLETION"": 100.0, ""Q9_DELIVERY_COMPLETION"": 87.87878699999997}",148131.6,477.0,577.0,True,0,1000,999,138,3.382069,True
msrcpsp_100_10_512_10_A,hybrid_hs_ga_guided_mutation_hs150_ga850,20,76.58,81.09,49.76,86.1,"{""PROJECT_COMPLETION"": 79.50000000000001, ""Q0_DELIVERY_COMPLETION"": 74.50980466666667, ""Q1_DELIVERY_COMPLETION"": 100.0, ""Q2_DELIVERY_COMPLETION"": 89.9122825, ""Q3_DELIVERY_COMPLETION"": 64.58333075, ""Q4_DELIVERY_COMPLETION"": 99.99999899999997, ""Q5_DELIVERY_COMPLETION"": 84.375, ""Q6_DELIVERY_COMPLETION"": 68.74999724999999, ""Q7_DELIVERY_COMPLETION"": 88.88888799999998, ""Q8_DELIVERY_COMPLETION"": 80.0, ""Q9_DELIVERY_COMPLETION"": 66.66666599999999}",144992.1,477.0,554.0,True,0,1000,993,138,3.376469,True
msrcpsp_100_10_512_10_A,hybrid_hs_ga_guided_mutation_hs150_ga850,21,77.94,89.02,48.87,80.3,"{""PROJECT_COMPLETION"": 87.66666666666667, ""Q0_DELIVERY_COMPLETION"": 72.54902033333333, ""Q1_DELIVERY_COMPLETION"": 100.0, ""Q2_DELIVERY_COMPLETION"": 94.736844, ""Q3_DELIVERY_COMPLETION"": 90.27777416666665, ""Q4_DELIVERY_COMPLETION"": 97.22222124999999, ""Q5_DELIVERY_COMPLETION"": 96.875, ""Q6_DELIVERY_COMPLETION"": 83.33332999999998, ""Q7_DELIVERY_COMPLETION"": 88.88888799999998, ""Q8_DELIVERY_COMPLETION"": 93.33333333333333, ""Q9_DELIVERY_COMPLETION"": 78.78787799999998}",146872.8,477.0,594.0,True,0,1000,978,138,3.381089,True
msrcpsp_100_10_512_10_A,hybrid_hs_ga_guided_mutation_hs150_ga850,22,79.8,88.08,52.55,84.72,"{""PROJECT_COMPLETION"": 85.58333333333333, ""Q0_DELIVERY_COMPLETION"": 75.00000075000001, ""Q1_DELIVERY_COMPLETION"": 100.0, ""Q2_DELIVERY_COMPLETION"": 92.105265, ""Q3_DELIVERY_COMPLETION"": 62.49999749999999, ""Q4_DELIVERY_COMPLETION"": 99.99999899999997, ""Q5_DELIVERY_COMPLETION"": 93.75, ""Q6_DELIVERY_COMPLETION"": 83.33332999999998, ""Q7_DELIVERY_COMPLETION"": 99.99999899999999, ""Q8_DELIVERY_COMPLETION"": 100.0, ""Q9_DELIVERY_COMPLETION"": 84.84848399999997}",139150.5,477.0,563.0,True,0,1000,998,138,3.373257,True
msrcpsp_100_10_512_10_A,hybrid_hs_ga_guided_mutation_hs150_ga850,23,73.2,74.44,49.17,85.33,"{""PROJECT_COMPLETION"": 74.24999999999999, ""Q0_DELIVERY_COMPLETION"": 78.92156941666669, ""Q1_DELIVERY_COMPLETION"": 75.0, ""Q2_DELIVERY_COMPLETION"": 94.736844, ""Q3_DELIVERY_COMPLETION"": 35.416665249999994, ""Q4_DELIVERY_COMPLETION"": 85.18518433333331, ""Q5_DELIVERY_COMPLETION"": 71.875, ""Q6_DELIVERY_COMPLETION"": 62.49999749999999, ""Q7_DELIVERY_COMPLETION"": 88.88888799999998, ""Q8_DELIVERY_COMPLETION"": 80.0, ""Q9_DELIVERY_COMPLETION"": 72.72727199999999}",146249.4,477.0,559.0,True,0,1000,977,138,3.388194,True
msrcpsp_100_10_512_10_A,hybrid_hs_ga_guided_mutation_hs150_ga850,24,77.44,86.42,49.58,81.82,"{""PROJECT_COMPLETION"": 86.08333333333334, ""Q0_DELIVERY_COMPLETION"": 87.25490283333333, ""Q1_DELIVERY_COMPLETION"": 75.0, ""Q2_DELIVERY_COMPLETION"": 94.736844, ""Q3_DELIVERY_COMPLETION"": 61.80555308333332, ""Q4_DELIVERY_COMPLETION"": 99.99999899999997, ""Q5_DELIVERY_COMPLETION"": 100.0, ""Q6_DELIVERY_COMPLETION"": 79.16666349999998, ""Q7_DELIVERY_COMPLETION"": 88.88888799999998, ""Q8_DELIVERY_COMPLETION"": 100.0, ""Q9_DELIVERY_COMPLETION"": 78.78787799999998}",145370.9,477.0,583.0,True,0,1000,954,138,3.313121,True
msrcpsp_100_10_512_10_A,hybrid_hs_ga_guided_mutation_hs150_ga850,25,76.56,85.95,50.49,79.37,"{""PROJECT_COMPLETION"": 85.5, ""Q0_DELIVERY_COMPLETION"": 74.50980466666667, ""Q1_DELIVERY_COMPLETION"": 100.0, ""Q2_DELIVERY_COMPLETION"": 97.368423, ""Q3_DELIVERY_COMPLETION"": 70.83333049999999, ""Q4_DELIVERY_COMPLETION"": 99.99999899999997, ""Q5_DELIVERY_COMPLETION"": 100.0, ""Q6_DELIVERY_COMPLETION"": 79.16666349999998, ""Q7_DELIVERY_COMPLETION"": 77.77777699999997, ""Q8_DELIVERY_COMPLETION"": 80.0, ""Q9_DELIVERY_COMPLETION"": 81.81818099999998}",143474.9,477.0,601.0,True,0,1000,959,138,3.3983,True
msrcpsp_100_10_512_10_A,hybrid_hs_ga_guided_mutation_hs150_ga850,26,76.66,83.1,48.05,84.72,"{""PROJECT_COMPLETION"": 82.00000000000001, ""Q0_DELIVERY_COMPLETION"": 75.00000075, ""Q1_DELIVERY_COMPLETION"": 75.0, ""Q2_DELIVERY_COMPLETION"": 96.0526335, ""Q3_DELIVERY_COMPLETION"": 50.69444241666666, ""Q4_DELIVERY_COMPLETION"": 88.88888799999998, ""Q5_DELIVERY_COMPLETION"": 96.875, ""Q6_DELIVERY_COMPLETION"": 91.66666299999997, ""Q7_DELIVERY_COMPLETION"": 99.99999899999999, ""Q8_DELIVERY_COMPLETION"": 93.33333333333333, ""Q9_DELIVERY_COMPLETION"": 68.1818175}",148584.7,477.0,563.0,True,0,1000,975,138,3.493447,True
msrcpsp_100_10_512_10_A,hybrid_hs_ga_guided_mutation_hs150_ga850,27,79.31,90.25,50.08,81.96,"{""PROJECT_COMPLETION"": 88.41666666666666, ""Q0_DELIVERY_COMPLETION"": 82.35294200000001, ""Q1_DELIVERY_COMPLETION"": 100.0, ""Q2_DELIVERY_COMPLETION"": 96.05263350000001, ""Q3_DELIVERY_COMPLETION"": 69.44444166666665, ""Q4_DELIVERY_COMPLETION"": 99.99999899999997, ""Q5_DELIVERY_COMPLETION"": 100.0, ""Q6_DELIVERY_COMPLETION"": 95.83332949999998, ""Q7_DELIVERY_COMPLETION"": 99.99999899999999, ""Q8_DELIVERY_COMPLETION"": 100.0, ""Q9_DELIVERY_COMPLETION"": 66.66666599999999}",144329.8,477.0,582.0,True,0,1000,963,138,3.382418,True
msrcpsp_100_10_512_10_A,hybrid_hs_ga_guided_mutation_hs150_ga850,28,79.83,89.23,48.77,85.48,"{""PROJECT_COMPLETION"": 87.66666666666666, ""Q0_DELIVERY_COMPLETION"": 74.50980466666668, ""Q1_DELIVERY_COMPLETION"": 100.0, ""Q2_DELIVERY_COMPLETION"": 97.368423, ""Q3_DELIVERY_COMPLETION"": 79.16666349999998, ""Q4_DELIVERY_COMPLETION"": 99.99999899999997, ""Q5_DELIVERY_COMPLETION"": 100.0, ""Q6_DELIVERY_COMPLETION"": 83.33332999999999, ""Q7_DELIVERY_COMPLETION"": 88.88888799999998, ""Q8_DELIVERY_COMPLETION"": 100.0, ""Q9_DELIVERY_COMPLETION"": 75.75757499999997}",147087.7,477.0,558.0,True,0,1000,993,138,3.332965,True
msrcpsp_100_10_512_10_A,hybrid_hs_ga_guided_mutation_hs150_ga850,29,77.03,85.62,46.6,83.39,"{""PROJECT_COMPLETION"": 83.74999999999999, ""Q0_DELIVERY_COMPLETION"": 72.05882425000001, ""Q1_DELIVERY_COMPLETION"": 100.0, ""Q2_DELIVERY_COMPLETION"": 84.210528, ""Q3_DELIVERY_COMPLETION"": 85.41666324999997, ""Q4_DELIVERY_COMPLETION"": 99.99999899999997, ""Q5_DELIVERY_COMPLETION"": 100.0, ""Q6_DELIVERY_COMPLETION"": 68.74999724999998, ""Q7_DELIVERY_COMPLETION"": 88.88888799999998, ""Q8_DELIVERY_COMPLETION"": 80.0, ""Q9_DELIVERY_COMPLETION"": 84.84848399999998}",151630.0,477.0,572.0,True,0,1000,995,138,3.398737,True
msrcpsp_100_10_512_10_A,hybrid_hs_ga_guided_mutation_hs150_ga850,30,78.01,83.71,51.0,86.1,"{""PROJECT_COMPLETION"": 82.33333333333333, ""Q0_DELIVERY_COMPLETION"": 67.64705950000001, ""Q1_DELIVERY_COMPLETION"": 75.0, ""Q2_DELIVERY_COMPLETION"": 89.473686, ""Q3_DELIVERY_COMPLETION"": 47.222220333333325, ""Q4_DELIVERY_COMPLETION"": 99.99999899999997, ""Q5_DELIVERY_COMPLETION"": 100.0, ""Q6_DELIVERY_COMPLETION"": 95.83332949999998, ""Q7_DELIVERY_COMPLETION"": 99.99999899999999, ""Q8_DELIVERY_COMPLETION"": 80.0, ""Q9_DELIVERY_COMPLETION"": 87.87878699999997}",142400.1,477.0,554.0,True,0,1000,987,138,3.379145,True
msrcpsp_100_20_23_9_D1,hybrid_hs_ga_guided_mutation_hs150_ga850,1,87.68,92.69,61.72,96.09,"{""PROJECT_COMPLETION"": 94.047604, ""Q0_DELIVERY_COMPLETION"": 94.87179866666665, ""Q1_DELIVERY_COMPLETION"": 79.16666666666666, ""Q2_DELIVERY_COMPLETION"": 60.0, ""Q3_DELIVERY_COMPLETION"": 100.0, ""Q4_DELIVERY_COMPLETION"": 100.0, ""Q5_DELIVERY_COMPLETION"": 100.00000200000001, ""Q6_DELIVERY_COMPLETION"": 99.99999599999997, ""Q7_DELIVERY_COMPLETION"": 99.99999899999997, ""Q8_DELIVERY_COMPLETION"": 94.87179866666665}",50228.6,172.0,179.0,True,0,1000,925,138,3.115694,True
msrcpsp_100_20_23_9_D1,hybrid_hs_ga_guided_mutation_hs150_ga850,2,86.35,93.02,63.22,91.01,"{""PROJECT_COMPLETION"": 93.25395333333333, ""Q0_DELIVERY_COMPLETION"": 92.30769599999998, ""Q1_DELIVERY_COMPLETION"": 100.0, ""Q2_DELIVERY_COMPLETION"": 79.99999999999999, ""Q3_DELIVERY_COMPLETION"": 85.0, ""Q4_DELIVERY_COMPLETION"": 100.0, ""Q5_DELIVERY_COMPLETION"": 94.44444633333333, ""Q6_DELIVERY_COMPLETION"": 97.2222183333333, ""Q7_DELIVERY_COMPLETION"": 96.2962953333333, ""Q8_DELIVERY_COMPLETION"": 91.02564466666665}",49262.0,172.0,189.0,True,0,1000,961,138,3.341972,True
msrcpsp_100_20_23_9_D1,hybrid_hs_ga_guided_mutation_hs150_ga850,3,84.89,98.75,58.94,81.9,"{""PROJECT_COMPLETION"": 98.61109533333337, ""Q0_DELIVERY_COMPLETION"": 94.87179866666665, ""Q1_DELIVERY_COMPLETION"": 100.0, ""Q2_DELIVERY_COMPLETION"": 100.0, ""Q3_DELIVERY_COMPLETION"": 100.0, ""Q4_DELIVERY_COMPLETION"": 100.0, ""Q5_DELIVERY_COMPLETION"": 100.00000200000001, ""Q6_DELIVERY_COMPLETION"": 99.99999599999997, ""Q7_DELIVERY_COMPLETION"": 94.44444349999998, ""Q8_DELIVERY_COMPLETION"": 100.00000399999998}",52020.9,172.0,210.0,True,0,1000,993,138,3.27589,True
msrcpsp_100_20_23_9_D1,hybrid_hs_ga_guided_mutation_hs150_ga850,4,88.92,95.85,61.73,95.56,"{""PROJECT_COMPLETION"": 96.42855600000001, ""Q0_DELIVERY_COMPLETION"": 97.43590133333332, ""Q1_DELIVERY_COMPLETION"": 100.0, ""Q2_DELIVERY_COMPLETION"": 93.33333333333333, ""Q3_DELIVERY_COMPLETION"": 100.0, ""Q4_DELIVERY_COMPLETION"": 100.0, ""Q5_DELIVERY_COMPLETION"": 77.77777933333333, ""Q6_DELIVERY_COMPLETION"": 94.44444066666664, ""Q7_DELIVERY_COMPLETION"": 99.99999899999997, ""Q8_DELIVERY_COMPLETION"": 97.4359013333333}",50219.1,172.0,180.0,True,0,1000,890,138,3.103459,True
msrcpsp_100_20_23_9_D1,hybrid_hs_ga_guided_mutation_hs150_ga850,5,86.11,99.19,59.09,84.73,"{""PROJECT_COMPLETION"": 99.20633333333336, ""Q0_DELIVERY_COMPLETION"": 100.00000399999998, ""Q1_DELIVERY_COMPLETION"": 100.0, ""Q2_DELIVERY_COMPLETION"": 100.0, ""Q3_DELIVERY_COMPLETION"": 100.0, ""Q4_DELIVERY_COMPLETION"": 100.0, ""Q5_DELIVERY_COMPLETION"": 100.00000200000001, ""Q6_DELIVERY_COMPLETION"": 99.99999599999997, ""Q7_DELIVERY_COMPLETION"": 92.59259166666665, ""Q8_DELIVERY_COMPLETION"": 100.00000399999998}",51922.0,172.0,203.0,True,0,1000,925,138,3.133336,True
msrcpsp_100_20_23_9_D1,hybrid_hs_ga_guided_mutation_hs150_ga850,6,86.76,98.35,58.95,87.76,"{""PROJECT_COMPLETION"": 98.4126826666667, ""Q0_DELIVERY_COMPLETION"": 100.00000399999998, ""Q1_DELIVERY_COMPLETION"": 100.0, ""Q2_DELIVERY_COMPLETION"": 100.0, ""Q3_DELIVERY_COMPLETION"": 100.0, ""Q4_DELIVERY_COMPLETION"": 87.5, ""Q5_DELIVERY_COMPLETION"": 100.00000200000001, ""Q6_DELIVERY_COMPLETION"": 99.99999599999997, ""Q7_DELIVERY_COMPLETION"": 99.99999899999997, ""Q8_DELIVERY_COMPLETION"": 97.43590133333332}",52014.0,172.0,196.0,True,0,1000,996,138,3.108059,True
msrcpsp_100_20_23_9_D1,hybrid_hs_ga_guided_mutation_hs150_ga850,7,86.2,97.95,60.89,85.57,"{""PROJECT_COMPLETION"": 98.4126826666667, ""Q0_DELIVERY_COMPLETION"": 100.00000399999998, ""Q1_DELIVERY_COMPLETION"": 95.83333333333333, ""Q2_DELIVERY_COMPLETION"": 86.66666666666666, ""Q3_DELIVERY_COMPLETION"": 100.0, ""Q4_DELIVERY_COMPLETION"": 100.0, ""Q5_DELIVERY_COMPLETION"": 100.00000200000001, ""Q6_DELIVERY_COMPLETION"": 97.2222183333333, ""Q7_DELIVERY_COMPLETION"": 99.99999899999997, ""Q8_DELIVERY_COMPLETION"": 100.00000399999998}",50762.7,172.0,201.0,True,0,1000,989,138,3.12065,True
msrcpsp_100_20_23_9_D1,hybrid_hs_ga_guided_mutation_hs150_ga850,8,86.97,99.04,59.97,86.87,"{""PROJECT_COMPLETION"": 99.20633333333336, ""Q0_DELIVERY_COMPLETION"": 100.00000399999998, ""Q1_DELIVERY_COMPLETION"": 100.0, ""Q2_DELIVERY_COMPLETION"": 93.33333333333333, ""Q3_DELIVERY_COMPLETION"": 100.0, ""Q4_DELIVERY_COMPLETION"": 100.0, ""Q5_DELIVERY_COMPLETION"": 100.00000200000001, ""Q6_DELIVERY_COMPLETION"": 99.99999599999997, ""Q7_DELIVERY_COMPLETION"": 99.99999899999997, ""Q8_DELIVERY_COMPLETION"": 97.4359013333333}",51356.8,172.0,198.0,True,0,1000,953,138,3.798426,True
msrcpsp_100_20_23_9_D1,hybrid_hs_ga_guided_mutation_hs150_ga850,9,85.4,98.48,60.71,82.69,"{""PROJECT_COMPLETION"": 98.4126826666667, ""Q0_DELIVERY_COMPLETION"": 100.00000399999998, ""Q1_DELIVERY_COMPLETION"": 91.66666666666667, ""Q2_DELIVERY_COMPLETION"": 100.0, ""Q3_DELIVERY_COMPLETION"": 100.0, ""Q4_DELIVERY_COMPLETION"": 100.0, ""Q5_DELIVERY_COMPLETION"": 100.00000200000001, ""Q6_DELIVERY_COMPLETION"": 99.99999599999997, ""Q7_DELIVERY_COMPLETION"": 99.99999899999997, ""Q8_DELIVERY_COMPLETION"": 94.87179866666665}",50878.1,172.0,208.0,True,0,1000,975,138,3.58502,True
msrcpsp_100_20_23_9_D1,hybrid_hs_ga_guided_mutation_hs150_ga850,10,85.18,99.35,59.04,81.9,"{""PROJECT_COMPLETION"": 99.20633333333336, ""Q0_DELIVERY_COMPLETION"": 100.00000399999998, ""Q1_DELIVERY_COMPLETION"": 100.0, ""Q2_DELIVERY_COMPLETION"": 100.0, ""Q3_DELIVERY_COMPLETION"": 100.0, ""Q4_DELIVERY_COMPLETION"": 100.0, ""Q5_DELIVERY_COMPLETION"": 100.00000200000001, ""Q6_DELIVERY_COMPLETION"": 97.2222183333333, ""Q7_DELIVERY_COMPLETION"": 99.99999899999997, ""Q8_DELIVERY_COMPLETION"": 97.4359013333333}",51954.5,172.0,210.0,True,0,1000,991,138,4.112304,True
msrcpsp_100_20_23_9_D1,hybrid_hs_ga_guided_mutation_hs150_ga850,11,84.48,98.0,61.9,80.0,"{""PROJECT_COMPLETION"": 98.4126826666667, ""Q0_DELIVERY_COMPLETION"": 100.00000399999998, ""Q1_DELIVERY_COMPLETION"": 100.0, ""Q2_DELIVERY_COMPLETION"": 86.66666666666666, ""Q3_DELIVERY_COMPLETION"": 100.0, ""Q4_DELIVERY_COMPLETION"": 100.0, ""Q5_DELIVERY_COMPLETION"": 100.00000200000001, ""Q6_DELIVERY_COMPLETION"": 99.99999599999997, ""Q7_DELIVERY_COMPLETION"": 96.29629533333332, ""Q8_DELIVERY_COMPLETION"": 97.43590133333332}",50106.9,172.0,215.0,True,0,1000,966,138,3.729316,True
msrcpsp_100_20_23_9_D1,hybrid_hs_ga_guided_mutation_hs150_ga850,12,85.68,96.9,60.63,85.57,"{""PROJECT_COMPLETION"": 97.2222066666667, ""Q0_DELIVERY_COMPLETION"": 94.87179866666665, ""Q1_DELIVERY_COMPLETION"": 100.0, ""Q2_DELIVERY_COMPLETION"": 86.66666666666666, ""Q3_DELIVERY_COMPLETION"": 100.0, ""Q4_DELIVERY_COMPLETION"": 100.0, ""Q5_DELIVERY_COMPLETION"": 94.44444633333333, ""Q6_DELIVERY_COMPLETION"": 99.99999599999997, ""Q7_DELIVERY_COMPLETION"": 99.99999899999997, ""Q8_DELIVERY_COMPLETION"": 94.87179866666665}",50925.8,172.0,201.0,True,0,1000,938,138,3.285859,True
msrcpsp_100_20_23_9_D1,hybrid_hs_ga_guided_mutation_hs150_ga850,13,85.97,96.58,61.28,86.43,"{""PROJECT_COMPLETION"": 96.23014333333334, ""Q0_DELIVERY_COMPLETION"": 92.30769599999998, ""Q1_DELIVERY_COMPLETION"": 100.0, ""Q2_DELIVERY_COMPLETION"": 100.0, ""Q3_DELIVERY_COMPLETION"": 100.0, ""Q4_DELIVERY_COMPLETION"": 87.5, ""Q5_DELIVERY_COMPLETION"": 100.00000200000001, ""Q6_DELIVERY_COMPLETION"": 97.2222183333333, ""Q7_DELIVERY_COMPLETION"": 99.99999899999997, ""Q8_DELIVERY_COMPLETION"": 93.58974733333332}",50506.4,172.0,199.0,True,0,1000,1000,138,3.205269,True
msrcpsp_100_20_23_9_D1,hybrid_hs_ga_guided_mutation_hs150_ga850,14,89.26,98.57,60.04,93.99,"{""PROJECT_COMPLETION"": 98.21427000000003, ""Q0_DELIVERY_COMPLETION"": 100.00000399999998, ""Q1_DELIVERY_COMPLETION"": 100.0, ""Q2_DELIVERY_COMPLETION"": 100.0, ""Q3_DELIVERY_COMPLETION"": 100.0, ""Q4_DELIVERY_COMPLETION"": 100.0, ""Q5_DELIVERY_COMPLETION"": 100.00000200000001, ""Q6_DELIVERY_COMPLETION"": 99.99999599999997, ""Q7_DELIVERY_COMPLETION"": 99.99999899999997, ""Q8_DELIVERY_COMPLETION"": 88.461542}",51306.2,172.0,183.0,True,0,1000,992,138,3.203071,True
msrcpsp_100_20_23_9_D1,hybrid_hs_ga_guided_mutation_hs150_ga850,15,86.64,94.15,60.4,91.98,"{""PROJECT_COMPLETION"": 94.64284200000003, ""Q0_DELIVERY_COMPLETION"": 100.00000399999998, ""Q1_DELIVERY_COMPLETION"": 100.0, ""Q2_DELIVERY_COMPLETION"": 86.66666666666666, ""Q3_DELIVERY_COMPLETION"": 95.0, ""Q4_DELIVERY_COMPLETION"": 95.83333333333333, ""Q5_DELIVERY_COMPLETION"": 83.333335, ""Q6_DELIVERY_COMPLETION"": 99.99999599999997, ""Q7_DELIVERY_COMPLETION"": 99.99999899999997, ""Q8_DELIVERY_COMPLETION"": 84.615388}",51077.6,172.0,187.0,True,0,1000,982,138,3.326205,True
msrcpsp_100_20_23_9_D1,hybrid_hs_ga_guided_mutation_hs150_ga850,16,87.36,98.37,59.51,89.12,"{""PROJECT_COMPLETION"": 98.4126826666667, ""Q0_DELIVERY_COMPLETION"": 100.00000399999998, ""Q1_DELIVERY_COMPLETION"": 100.0, ""Q2_DELIVERY_COMPLETION"": 93.33333333333333, ""Q3_DELIVERY_COMPLETION"": 100.0, ""Q4_DELIVERY_COMPLETION"": 100.0, ""Q5_DELIVERY_COMPLETION"": 100.00000200000001, ""Q6_DELIVERY_COMPLETION"": 94.44444066666664, ""Q7_DELIVERY_COMPLETION"": 99.99999899999997, ""Q8_DELIVERY_COMPLETION"": 97.43590133333332}",51650.3,172.0,193.0,True,0,1000,888,138,3.197147,True
msrcpsp_100_20_23_9_D1,hybrid_hs_ga_guided_mutation_hs150_ga850,17,83.2,95.48,59.83,80.75,"{""PROJECT_COMPLETION"": 96.03173066666669, ""Q0_DELIVERY_COMPLETION"": 92.30769599999998, ""Q1_DELIVERY_COMPLETION"": 87.5, ""Q2_DELIVERY_COMPLETION"": 80.0, ""Q3_DELIVERY_COMPLETION"": 100.0, ""Q4_DELIVERY_COMPLETION"": 100.0, ""Q5_DELIVERY_COMPLETION"": 100.00000200000001, ""Q6_DELIVERY_COMPLETION"": 99.99999599999997, ""Q7_DELIVERY_COMPLETION"": 99.99999899999997, ""Q8_DELIVERY_COMPLETION"": 97.43590133333332}",51446.3,172.0,213.0,True,0,1000,953,138,3.264656,True
msrcpsp_100_20_23_9_D1,hybrid_hs_ga_guided_mutation_hs150_ga850,18,85.91,98.41,63.43,82.69,"{""PROJECT_COMPLETION"": 98.01585733333336, ""Q0_DELIVERY_COMPLETION"": 92.30769599999998, ""Q1_DELIVERY_COMPLETION"": 100.0, ""Q2_DELIVERY_COMPLETION"": 100.0, ""Q3_DELIVERY_COMPLETION"": 100.0, ""Q4_DELIVERY_COMPLETION"": 100.0, ""Q5_DELIVERY_COMPLETION"": 100.00000200000001, ""Q6_DELIVERY_COMPLETION"": 99.99999599999997, ""Q7_DELIVERY_COMPLETION"": 99.99999899999997, ""Q8_DELIVERY_COMPLETION"": 94.87179866666665}",49124.1,172.0,208.0,True,0,1000,986,138,3.286611,True
msrcpsp_100_20_23_9_D1,hybrid_hs_ga_guided_mutation_hs150_ga850,19,85.78,98.55,58.17,85.15,"{""PROJECT_COMPLETION"": 98.4126826666667, ""Q0_DELIVERY_COMPLETION"": 100.00000399999998, ""Q1_DELIVERY_COMPLETION"": 100.0, ""Q2_DELIVERY_COMPLETION"": 100.0, ""Q3_DELIVERY_COMPLETION"": 90.0, ""Q4_DELIVERY_COMPLETION"": 100.0, ""Q5_DELIVERY_COMPLETION"": 100.00000200000001, ""Q6_DELIVERY_COMPLETION"": 99.99999599999997, ""Q7_DELIVERY_COMPLETION"": 99.99999899999997, ""Q8_DELIVERY_COMPLETION"": 97.43590133333332}",52516.4,172.0,202.0,True,0,1000,933,138,3.256454,True
msrcpsp_100_20_23_9_D1,hybrid_hs_ga_guided_mutation_hs150_ga850,20,87.97,98.39,60.89,90.05,"{""PROJECT_COMPLETION"": 98.21427000000001, ""Q0_DELIVERY_COMPLETION"": 100.00000399999998, ""Q1_DELIVERY_COMPLETION"": 100.0, ""Q2_DELIVERY_COMPLETION"": 100.0, ""Q3_DELIVERY_COMPLETION"": 100.0, ""Q4_DELIVERY_COMPLETION"": 100.0, ""Q5_DELIVERY_COMPLETION"": 100.00000200000001, ""Q6_DELIVERY_COMPLETION"": 99.99999599999997, ""Q7_DELIVERY_COMPLETION"": 92.59259166666665, ""Q8_DELIVERY_COMPLETION"": 93.5897473333333}",50763.3,172.0,191.0,True,0,1000,960,138,3.308915,True
msrcpsp_100_20_23_9_D1,hybrid_hs_ga_guided_mutation_hs150_ga850,21,85.61,97.73,60.61,84.31,"{""PROJECT_COMPLETION"": 97.61903200000003, ""Q0_DELIVERY_COMPLETION"": 100.00000399999998, ""Q1_DELIVERY_COMPLETION"": 100.0, ""Q2_DELIVERY_COMPLETION"": 100.0, ""Q3_DELIVERY_COMPLETION"": 80.0, ""Q4_DELIVERY_COMPLETION"": 100.0, ""Q5_DELIVERY_COMPLETION"": 100.00000200000001, ""Q6_DELIVERY_COMPLETION"": 99.99999599999997, ""Q7_DELIVERY_COMPLETION"": 99.99999899999997, ""Q8_DELIVERY_COMPLETION"": 100.00000399999998}",50943.2,172.0,204.0,True,0,1000,988,138,3.348412,True
msrcpsp_100_20_23_9_D1,hybrid_hs_ga_guided_mutation_hs150_ga850,22,87.64,99.39,60.22,88.21,"{""PROJECT_COMPLETION"": 99.40474600000003, ""Q0_DELIVERY_COMPLETION"": 100.00000399999998, ""Q1_DELIVERY_COMPLETION"": 100.0, ""Q2_DELIVERY_COMPLETION"": 100.0, ""Q3_DELIVERY_COMPLETION"": 100.0, ""Q4_DELIVERY_COMPLETION"": 100.0, ""Q5_DELIVERY_COMPLETION"": 100.00000200000001, ""Q6_DELIVERY_COMPLETION"": 99.99999599999997, ""Q7_DELIVERY_COMPLETION"": 94.44444349999998, ""Q8_DELIVERY_COMPLETION"": 100.00000399999998}",51194.4,172.0,195.0,True,0,1000,999,138,3.217987,True
msrcpsp_100_20_23_9_D1,hybrid_hs_ga_guided_mutation_hs150_ga850,23,86.45,96.28,58.06,90.05,"{""PROJECT_COMPLETION"": 97.02379400000002, ""Q0_DELIVERY_COMPLETION"": 100.00000399999998, ""Q1_DELIVERY_COMPLETION"": 100.0, ""Q2_DELIVERY_COMPLETION"": 86.66666666666666, ""Q3_DELIVERY_COMPLETION"": 95.0, ""Q4_DELIVERY_COMPLETION"": 87.5, ""Q5_DELIVERY_COMPLETION"": 94.44444633333333, ""Q6_DELIVERY_COMPLETION"": 99.99999599999997, ""Q7_DELIVERY_COMPLETION"": 99.99999899999997, ""Q8_DELIVERY_COMPLETION"": 100.00000399999998}",52586.7,172.0,191.0,True,0,1000,968,138,3.266667,True
msrcpsp_100_20_23_9_D1,hybrid_hs_ga_guided_mutation_hs150_ga850,24,86.57,96.92,60.43,88.21,"{""PROJECT_COMPLETION"": 96.82538133333335, ""Q0_DELIVERY_COMPLETION"": 97.43590133333332, ""Q1_DELIVERY_COMPLETION"": 100.0, ""Q2_DELIVERY_COMPLETION"": 93.33333333333333, ""Q3_DELIVERY_COMPLETION"": 95.0, ""Q4_DELIVERY_COMPLETION"": 95.83333333333333, ""Q5_DELIVERY_COMPLETION"": 100.00000200000001, ""Q6_DELIVERY_COMPLETION"": 99.99999599999997, ""Q7_DELIVERY_COMPLETION"": 99.99999899999997, ""Q8_DELIVERY_COMPLETION"": 91.02564466666665}",51060.5,172.0,195.0,True,0,1000,940,138,3.26824,True
msrcpsp_100_20_23_9_D1,hybrid_hs_ga_guided_mutation_hs150_ga850,25,85.22,95.32,61.89,85.57,"{""PROJECT_COMPLETION"": 94.64284200000002, ""Q0_DELIVERY_COMPLETION"": 94.87179866666665, ""Q1_DELIVERY_COMPLETION"": 100.0, ""Q2_DELIVERY_COMPLETION"": 100.0, ""Q3_DELIVERY_COMPLETION"": 100.0, ""Q4_DELIVERY_COMPLETION"": 93.75, ""Q5_DELIVERY_COMPLETION"": 100.00000200000001, ""Q6_DELIVERY_COMPLETION"": 97.2222183333333, ""Q7_DELIVERY_COMPLETION"": 92.59259166666665, ""Q8_DELIVERY_COMPLETION"": 82.05128533333333}",50119.3,172.0,201.0,True,0,1000,893,138,3.327093,True
msrcpsp_100_20_23_9_D1,hybrid_hs_ga_guided_mutation_hs150_ga850,26,85.42,96.8,63.2,83.5,"{""PROJECT_COMPLETION"": 96.42855600000001, ""Q0_DELIVERY_COMPLETION"": 92.30769599999998, ""Q1_DELIVERY_COMPLETION"": 100.0, ""Q2_DELIVERY_COMPLETION"": 93.33333333333333, ""Q3_DELIVERY_COMPLETION"": 100.0, ""Q4_DELIVERY_COMPLETION"": 100.0, ""Q5_DELIVERY_COMPLETION"": 100.00000200000001, ""Q6_DELIVERY_COMPLETION"": 97.2222183333333, ""Q7_DELIVERY_COMPLETION"": 99.99999899999997, ""Q8_DELIVERY_COMPLETION"": 89.74359333333332}",49273.9,172.0,206.0,True,0,1000,943,138,3.193849,True
msrcpsp_100_20_23_9_D1,hybrid_hs_ga_guided_mutation_hs150_ga850,27,85.26,94.96,62.88,85.57,"{""PROJECT_COMPLETION"": 94.64284200000003, ""Q0_DELIVERY_COMPLETION"": 100.00000399999998, ""Q1_DELIVERY_COMPLETION"": 95.83333333333333, ""Q2_DELIVERY_COMPLETION"": 100.0, ""Q3_DELIVERY_COMPLETION"": 100.0, ""Q4_DELIVERY_COMPLETION"": 95.83333333333333, ""Q5_DELIVERY_COMPLETION"": 100.00000200000001, ""Q6_DELIVERY_COMPLETION"": 99.99999599999997, ""Q7_DELIVERY_COMPLETION"": 79.62962883333333, ""Q8_DELIVERY_COMPLETION"": 84.615388}",49476.6,172.0,201.0,True,0,1000,859,138,3.266788,True
msrcpsp_100_20_23_9_D1,hybrid_hs_ga_guided_mutation_hs150_ga850,28,88.52,97.27,60.15,93.48,"{""PROJECT_COMPLETION"": 96.82538133333335, ""Q0_DELIVERY_COMPLETION"": 92.30769599999998, ""Q1_DELIVERY_COMPLETION"": 100.0, ""Q2_DELIVERY_COMPLETION"": 100.0, ""Q3_DELIVERY_COMPLETION"": 100.0, ""Q4_DELIVERY_COMPLETION"": 100.0, ""Q5_DELIVERY_COMPLETION"": 100.00000200000001, ""Q6_DELIVERY_COMPLETION"": 99.99999599999997, ""Q7_DELIVERY_COMPLETION"": 92.59259166666665, ""Q8_DELIVERY_COMPLETION"": 92.30769599999999}",51236.0,172.0,184.0,True,0,1000,1000,138,3.173773,True
msrcpsp_100_20_23_9_D1,hybrid_hs_ga_guided_mutation_hs150_ga850,29,85.13,97.75,60.28,83.09,"{""PROJECT_COMPLETION"": 98.01585733333337, ""Q0_DELIVERY_COMPLETION"": 94.87179866666665, ""Q1_DELIVERY_COMPLETION"": 100.0, ""Q2_DELIVERY_COMPLETION"": 86.66666666666667, ""Q3_DELIVERY_COMPLETION"": 100.0, ""Q4_DELIVERY_COMPLETION"": 100.0, ""Q5_DELIVERY_COMPLETION"": 100.00000200000001, ""Q6_DELIVERY_COMPLETION"": 97.2222183333333, ""Q7_DELIVERY_COMPLETION"": 99.99999899999997, ""Q8_DELIVERY_COMPLETION"": 100.00000399999998}",51154.2,172.0,207.0,True,0,1000,871,138,3.231445,True
msrcpsp_100_20_23_9_D1,hybrid_hs_ga_guided_mutation_hs150_ga850,30,85.26,98.73,65.47,79.26,"{""PROJECT_COMPLETION"": 98.4126826666667, ""Q0_DELIVERY_COMPLETION"": 100.00000399999998, ""Q1_DELIVERY_COMPLETION"": 100.0, ""Q2_DELIVERY_COMPLETION"": 100.0, ""Q3_DELIVERY_COMPLETION"": 100.0, ""Q4_DELIVERY_COMPLETION"": 100.0, ""Q5_DELIVERY_COMPLETION"": 100.00000200000001, ""Q6_DELIVERY_COMPLETION"": 99.99999599999997, ""Q7_DELIVERY_COMPLETION"": 99.99999899999997, ""Q8_DELIVERY_COMPLETION"": 89.74359333333332}",47809.0,172.0,217.0,True,0,1000,854,138,3.280681,True
msrcpsp_100_20_512_10_A,hybrid_hs_ga_guided_mutation_hs150_ga850,1,90.85,97.4,63.19,98.24,"{""PROJECT_COMPLETION"": 97.33333333333334, ""Q0_DELIVERY_COMPLETION"": 92.857141, ""Q1_DELIVERY_COMPLETION"": 94.27083333333333, ""Q2_DELIVERY_COMPLETION"": 88.88888799999998, ""Q3_DELIVERY_COMPLETION"": 98.21428374999996, ""Q4_DELIVERY_COMPLETION"": 100.0, ""Q5_DELIVERY_COMPLETION"": 99.99999799999999, ""Q6_DELIVERY_COMPLETION"": 99.99999899999997, ""Q7_DELIVERY_COMPLETION"": 100.00000099999998, ""Q8_DELIVERY_COMPLETION"": 100.0, ""Q9_DELIVERY_COMPLETION"": 99.99999899999997}",105318.4,557.0,567.0,True,0,1000,896,138,3.761917,True
msrcpsp_100_20_512_10_A,hybrid_hs_ga_guided_mutation_hs150_ga850,2,90.03,95.51,60.23,100.0,"{""PROJECT_COMPLETION"": 95.66666666666666, ""Q0_DELIVERY_COMPLETION"": 99.99999799999999, ""Q1_DELIVERY_COMPLETION"": 100.0, ""Q2_DELIVERY_COMPLETION"": 88.88888799999998, ""Q3_DELIVERY_COMPLETION"": 92.85714099999996, ""Q4_DELIVERY_COMPLETION"": 87.5, ""Q5_DELIVERY_COMPLETION"": 99.99999799999999, ""Q6_DELIVERY_COMPLETION"": 99.99999899999997, ""Q7_DELIVERY_COMPLETION"": 100.00000099999998, ""Q8_DELIVERY_COMPLETION"": 100.0, ""Q9_DELIVERY_COMPLETION"": 85.18518433333332}",110627.1,557.0,557.0,True,0,1000,954,138,3.898912,True
msrcpsp_100_20_512_10_A,hybrid_hs_ga_guided_mutation_hs150_ga850,3,89.57,97.19,60.27,96.53,"{""PROJECT_COMPLETION"": 96.58333333333334, ""Q0_DELIVERY_COMPLETION"": 99.99999799999999, ""Q1_DELIVERY_COMPLETION"": 88.54166666666667, ""Q2_DELIVERY_COMPLETION"": 97.22222124999999, ""Q3_DELIVERY_COMPLETION"": 99.99999799999995, ""Q4_DELIVERY_COMPLETION"": 100.0, ""Q5_DELIVERY_COMPLETION"": 99.99999799999999, ""Q6_DELIVERY_COMPLETION"": 99.99999899999997, ""Q7_DELIVERY_COMPLETION"": 96.07843233333331, ""Q8_DELIVERY_COMPLETION"": 100.0, ""Q9_DELIVERY_COMPLETION"": 92.59259166666665}",110550.2,557.0,577.0,True,0,1000,993,138,3.874129,True
msrcpsp_100_20_512_10_A,hybrid_hs_ga_guided_mutation_hs150_ga850,4,90.04,96.19,63.35,97.38,"{""PROJECT_COMPLETION"": 96.25000000000001, ""Q0_DELIVERY_COMPLETION"": 99.99999799999999, ""Q1_DELIVERY_COMPLETION"": 96.35416666666667, ""Q2_DELIVERY_COMPLETION"": 86.11111025, ""Q3_DELIVERY_COMPLETION"": 97.61904566666664, ""Q4_DELIVERY_COMPLETION"": 100.0, ""Q5_DELIVERY_COMPLETION"": 96.4285695, ""Q6_DELIVERY_COMPLETION"": 99.99999899999997, ""Q7_DELIVERY_COMPLETION"": 100.00000099999998, ""Q8_DELIVERY_COMPLETION"": 100.0, ""Q9_DELIVERY_COMPLETION"": 85.18518433333332}",105024.0,557.0,572.0,True,0,1000,984,138,3.750879,True
msrcpsp_100_20_512_10_A,hybrid_hs_ga_guided_mutation_hs150_ga850,5,90.22,96.84,60.68,98.58,"{""PROJECT_COMPLETION"": 96.75, ""Q0_DELIVERY_COMPLETION"": 99.99999799999999, ""Q1_DELIVERY_COMPLETION"": 100.0, ""Q2_DELIVERY_COMPLETION"": 99.99999899999997, ""Q3_DELIVERY_COMPLETION"": 98.21428374999996, ""Q4_DELIVERY_COMPLETION"": 93.75, ""Q5_DELIVERY_COMPLETION"": 85.71428399999999, ""Q6_DELIVERY_COMPLETION"": 99.99999899999997, ""Q7_DELIVERY_COMPLETION"": 91.17647149999999, ""Q8_DELIVERY_COMPLETION"": 100.0, ""Q9_DELIVERY_COMPLETION"": 99.99999899999997}",109821.4,557.0,565.0,True,0,1000,993,138,3.982949,True
msrcpsp_100_20_512_10_A,hybrid_hs_ga_guided_mutation_hs150_ga850,6,88.91,93.81,59.09,99.64,"{""PROJECT_COMPLETION"": 93.25, ""Q0_DELIVERY_COMPLETION"": 99.99999799999999, ""Q1_DELIVERY_COMPLETION"": 85.41666666666667, ""Q2_DELIVERY_COMPLETION"": 97.22222124999998, ""Q3_DELIVERY_COMPLETION"": 98.21428374999996, ""Q4_DELIVERY_COMPLETION"": 90.625, ""Q5_DELIVERY_COMPLETION"": 95.23809333333332, ""Q6_DELIVERY_COMPLETION"": 97.22222124999998, ""Q7_DELIVERY_COMPLETION"": 90.19607933333332, ""Q8_DELIVERY_COMPLETION"": 93.75, ""Q9_DELIVERY_COMPLETION"": 92.59259166666665}",112672.2,557.0,559.0,True,0,1000,898,138,3.814102,True
msrcpsp_100_20_512_10_A,hybrid_hs_ga_guided_mutation_hs150_ga850,7,88.88,94.74,62.59,96.37,"{""PROJECT_COMPLETION"": 94.08333333333333, ""Q0_DELIVERY_COMPLETION"": 96.4285695, ""Q1_DELIVERY_COMPLETION"": 79.16666666666667, ""Q2_DELIVERY_COMPLETION"": 99.99999899999997, ""Q3_DELIVERY_COMPLETION"": 98.21428374999996, ""Q4_DELIVERY_COMPLETION"": 87.5, ""Q5_DELIVERY_COMPLETION"": 99.99999799999999, ""Q6_DELIVERY_COMPLETION"": 99.99999899999997, ""Q7_DELIVERY_COMPLETION"": 95.09804016666665, ""Q8_DELIVERY_COMPLETION"": 93.75, ""Q9_DELIVERY_COMPLETION"": 99.99999899999997}",106394.6,557.0,578.0,True,0,1000,989,138,3.873085,True
msrcpsp_100_20_512_10_A,hybrid_hs_ga_guided_mutation_hs150_ga850,8,89.24,94.14,59.36,100.0,"{""PROJECT_COMPLETION"": 93.75, ""Q0_DELIVERY_COMPLETION"": 85.71428399999999, ""Q1_DELIVERY_COMPLETION"": 90.625, ""Q2_DELIVERY_COMPLETION"": 99.99999899999997, ""Q3_DELIVERY_COMPLETION"": 99.99999799999995, ""Q4_DELIVERY_COMPLETION"": 96.875, ""Q5_DELIVERY_COMPLETION"": 96.4285695, ""Q6_DELIVERY_COMPLETION"": 99.99999899999997, ""Q7_DELIVERY_COMPLETION"": 85.2941185, ""Q8_DELIVERY_COMPLETION"": 93.75, ""Q9_DELIVERY_COMPLETION"": 94.44444349999998}",112193.8,557.0,557.0,True,0,1000,1000,138,4.01857,True
msrcpsp_100_20_512_10_A,hybrid_hs_ga_guided_mutation_hs150_ga850,9,87.59,91.73,60.86,97.55,"{""PROJECT_COMPLETION"": 91.58333333333333, ""Q0_DELIVERY_COMPLETION"": 85.71428399999999, ""Q1_DELIVERY_COMPLETION"": 94.79166666666666, ""Q2_DELIVERY_COMPLETION"": 94.44444349999998, ""Q3_DELIVERY_COMPLETION"": 99.99999799999995, ""Q4_DELIVERY_COMPLETION"": 93.75, ""Q5_DELIVERY_COMPLETION"": 85.71428399999999, ""Q6_DELIVERY_COMPLETION"": 94.44444349999999, ""Q7_DELIVERY_COMPLETION"": 83.82353024999999, ""Q8_DELIVERY_COMPLETION"": 100.0, ""Q9_DELIVERY_COMPLETION"": 85.18518433333332}",109497.7,557.0,571.0,True,0,1000,986,138,3.987958,True
msrcpsp_100_20_512_10_A,hybrid_hs_ga_guided_mutation_hs150_ga850,10,89.66,94.4,60.88,100.0,"{""PROJECT_COMPLETION"": 94.83333333333334, ""Q0_DELIVERY_COMPLETION"": 86.90476016666666, ""Q1_DELIVERY_COMPLETION"": 93.22916666666666, ""Q2_DELIVERY_COMPLETION"": 97.22222124999999, ""Q3_DELIVERY_COMPLETION"": 99.99999799999995, ""Q4_DELIVERY_COMPLETION"": 87.5, ""Q5_DELIVERY_COMPLETION"": 85.71428399999999, ""Q6_DELIVERY_COMPLETION"": 97.22222124999998, ""Q7_DELIVERY_COMPLETION"": 98.03921666666665, ""Q8_DELIVERY_COMPLETION"": 100.0, ""Q9_DELIVERY_COMPLETION"": 96.2962953333333}",109462.0,557.0,557.0,True,0,1000,983,138,3.800872,True
msrcpsp_100_20_512_10_A,hybrid_hs_ga_guided_mutation_hs150_ga850,11,89.78,95.15,62.58,98.41,"{""PROJECT_COMPLETION"": 95.58333333333333, ""Q0_DELIVERY_COMPLETION"": 85.71428399999999, ""Q1_DELIVERY_COMPLETION"": 97.91666666666667, ""Q2_DELIVERY_COMPLETION"": 99.99999899999997, ""Q3_DELIVERY_COMPLETION"": 98.21428374999996, ""Q4_DELIVERY_COMPLETION"": 93.75, ""Q5_DELIVERY_COMPLETION"": 99.99999799999999, ""Q6_DELIVERY_COMPLETION"": 88.88888799999998, ""Q7_DELIVERY_COMPLETION"": 100.00000099999998, ""Q8_DELIVERY_COMPLETION"": 100.0, ""Q9_DELIVERY_COMPLETION"": 85.18518433333332}",106409.4,557.0,566.0,True,0,1000,961,138,3.867383,True
msrcpsp_100_20_512_10_A,hybrid_hs_ga_guided_mutation_hs150_ga850,12,89.84,93.79,63.17,100.0,"{""PROJECT_COMPLETION"": 93.16666666666667, ""Q0_DELIVERY_COMPLETION"": 99.99999799999999, ""Q1_DELIVERY_COMPLETION"": 80.72916666666666, ""Q2_DELIVERY_COMPLETION"": 99.99999899999997, ""Q3_DELIVERY_COMPLETION"": 98.21428374999996, ""Q4_DELIVERY_COMPLETION"": 89.58333333333333, ""Q5_DELIVERY_COMPLETION"": 91.66666483333333, ""Q6_DELIVERY_COMPLETION"": 97.22222124999999, ""Q7_DELIVERY_COMPLETION"": 96.07843233333331, ""Q8_DELIVERY_COMPLETION"": 100.0, ""Q9_DELIVERY_COMPLETION"": 87.03703616666665}",105346.1,557.0,557.0,True,0,1000,943,138,3.814839,True
msrcpsp_100_20_512_10_A,hybrid_hs_ga_guided_mutation_hs150_ga850,13,89.97,95.07,66.7,96.7,"{""PROJECT_COMPLETION"": 95.66666666666667, ""Q0_DELIVERY_COMPLETION"": 84.52380783333334, ""Q1_DELIVERY_COMPLETION"": 96.875, ""Q2_DELIVERY_COMPLETION"": 94.44444349999998, ""Q3_DELIVERY_COMPLETION"": 98.21428374999996, ""Q4_DELIVERY_COMPLETION"": 100.0, ""Q5_DELIVERY_COMPLETION"": 92.85714099999998, ""Q6_DELIVERY_COMPLETION"": 99.99999899999997, ""Q7_DELIVERY_COMPLETION"": 98.52941274999999, ""Q8_DELIVERY_COMPLETION"": 93.75, ""Q9_DELIVERY_COMPLETION"": 88.88888799999998}",98998.9,557.0,576.0,True,0,1000,863,138,3.899824,True
msrcpsp_100_20_512_10_A,hybrid_hs_ga_guided_mutation_hs150_ga850,14,88.74,95.41,55.56,99.11,"{""PROJECT_COMPLETION"": 94.58333333333333, ""Q0_DELIVERY_COMPLETION"": 99.99999799999999, ""Q1_DELIVERY_COMPLETION"": 95.3125, ""Q2_DELIVERY_COMPLETION"": 99.99999899999997, ""Q3_DELIVERY_COMPLETION"": 92.85714099999996, ""Q4_DELIVERY_COMPLETION"": 100.0, ""Q5_DELIVERY_COMPLETION"": 95.23809333333332, ""Q6_DELIVERY_COMPLETION"": 94.44444349999999, ""Q7_DELIVERY_COMPLETION"": 87.25490283333333, ""Q8_DELIVERY_COMPLETION"": 100.0, ""Q9_DELIVERY_COMPLETION"": 92.59259166666665}",119003.1,557.0,562.0,True,0,1000,942,138,3.847329,True
msrcpsp_100_20_512_10_A,hybrid_hs_ga_guided_mutation_hs150_ga850,15,90.65,96.79,63.56,98.24,"{""PROJECT_COMPLETION"": 96.49999999999999, ""Q0_DELIVERY_COMPLETION"": 96.4285695, ""Q1_DELIVERY_COMPLETION"": 95.3125, ""Q2_DELIVERY_COMPLETION"": 97.22222124999999, ""Q3_DELIVERY_COMPLETION"": 98.21428374999996, ""Q4_DELIVERY_COMPLETION"": 100.0, ""Q5_DELIVERY_COMPLETION"": 95.23809333333332, ""Q6_DELIVERY_COMPLETION"": 99.99999899999997, ""Q7_DELIVERY_COMPLETION"": 94.11764799999999, ""Q8_DELIVERY_COMPLETION"": 100.0, ""Q9_DELIVERY_COMPLETION"": 92.59259166666665}",104640.5,557.0,567.0,True,0,1000,982,138,3.827905,True
msrcpsp_100_20_512_10_A,hybrid_hs_ga_guided_mutation_hs150_ga850,16,90.1,95.51,61.53,99.46,"{""PROJECT_COMPLETION"": 94.75, ""Q0_DELIVERY_COMPLETION"": 99.99999799999999, ""Q1_DELIVERY_COMPLETION"": 94.27083333333333, ""Q2_DELIVERY_COMPLETION"": 99.99999899999997, ""Q3_DELIVERY_COMPLETION"": 99.99999799999995, ""Q4_DELIVERY_COMPLETION"": 100.0, ""Q5_DELIVERY_COMPLETION"": 99.99999799999999, ""Q6_DELIVERY_COMPLETION"": 99.99999899999997, ""Q7_DELIVERY_COMPLETION"": 86.27451066666666, ""Q8_DELIVERY_COMPLETION"": 100.0, ""Q9_DELIVERY_COMPLETION"": 77.77777699999999}",108291.6,557.0,560.0,True,0,1000,989,138,3.836159,True
msrcpsp_100_20_512_10_A,hybrid_hs_ga_guided_mutation_hs150_ga850,17,89.33,93.98,61.13,99.46,"{""PROJECT_COMPLETION"": 93.41666666666667, ""Q0_DELIVERY_COMPLETION"": 99.99999799999999, ""Q1_DELIVERY_COMPLETION"": 84.375, ""Q2_DELIVERY_COMPLETION"": 94.44444349999998, ""Q3_DELIVERY_COMPLETION"": 98.21428374999996, ""Q4_DELIVERY_COMPLETION"": 100.0, ""Q5_DELIVERY_COMPLETION"": 96.4285695, ""Q6_DELIVERY_COMPLETION"": 97.22222124999999, ""Q7_DELIVERY_COMPLETION"": 92.64705975, ""Q8_DELIVERY_COMPLETION"": 93.75, ""Q9_DELIVERY_COMPLETION"": 85.18518433333332}",109013.4,557.0,560.0,True,0,1000,951,138,3.781882,True
msrcpsp_100_20_512_10_A,hybrid_hs_ga_guided_mutation_hs150_ga850,18,90.41,96.61,59.99,99.82,"{""PROJECT_COMPLETION"": 96.33333333333333, ""Q0_DELIVERY_COMPLETION"": 99.99999799999999, ""Q1_DELIVERY_COMPLETION"": 100.0, ""Q2_DELIVERY_COMPLETION"": 99.99999899999997, ""Q3_DELIVERY_COMPLETION"": 96.42856949999998, ""Q4_DELIVERY_COMPLETION"": 95.83333333333333, ""Q5_DELIVERY_COMPLETION"": 99.99999799999999, ""Q6_DELIVERY_COMPLETION"": 97.22222124999998, ""Q7_DELIVERY_COMPLETION"": 92.64705974999998, ""Q8_DELIVERY_COMPLETION"": 100.0, ""Q9_DELIVERY_COMPLETION"": 85.18518433333331}",111056.6,557.0,558.0,True,0,1000,989,138,3.951208,True
msrcpsp_100_20_512_10_A,hybrid_hs_ga_guided_mutation_hs150_ga850,19,89.67,98.86,61.24,94.09,"{""PROJECT_COMPLETION"": 98.74999999999999, ""Q0_DELIVERY_COMPLETION"": 99.99999799999999, ""Q1_DELIVERY_COMPLETION"": 98.4375, ""Q2_DELIVERY_COMPLETION"": 99.99999899999997, ""Q3_DELIVERY_COMPLETION"": 99.99999799999995, ""Q4_DELIVERY_COMPLETION"": 100.0, ""Q5_DELIVERY_COMPLETION"": 99.99999799999999, ""Q6_DELIVERY_COMPLETION"": 99.99999899999997, ""Q7_DELIVERY_COMPLETION"": 98.03921666666665, ""Q8_DELIVERY_COMPLETION"": 100.0, ""Q9_DELIVERY_COMPLETION"": 92.59259166666665}",108809.2,557.0,592.0,True,0,1000,995,138,3.934839,True
msrcpsp_100_20_512_10_A,hybrid_hs_ga_guided_mutation_hs150_ga850,20,90.32,97.95,63.46,95.87,"{""PROJECT_COMPLETION"": 97.33333333333333, ""Q0_DELIVERY_COMPLETION"": 99.99999799999999, ""Q1_DELIVERY_COMPLETION"": 93.75, ""Q2_DELIVERY_COMPLETION"": 99.99999899999997, ""Q3_DELIVERY_COMPLETION"": 99.99999799999995, ""Q4_DELIVERY_COMPLETION"": 100.0, ""Q5_DELIVERY_COMPLETION"": 99.99999799999999, ""Q6_DELIVERY_COMPLETION"": 99.99999899999997, ""Q7_DELIVERY_COMPLETION"": 92.15686366666665, ""Q8_DELIVERY_COMPLETION"": 100.0, ""Q9_DELIVERY_COMPLETION"": 96.29629533333332}",104833.4,557.0,581.0,True,0,1000,978,138,3.933974,True
msrcpsp_100_20_512_10_A,hybrid_hs_ga_guided_mutation_hs150_ga850,21,90.03,97.23,61.89,96.87,"{""PROJECT_COMPLETION"": 96.58333333333333, ""Q0_DELIVERY_COMPLETION"": 99.99999799999999, ""Q1_DELIVERY_COMPLETION"": 90.625, ""Q2_DELIVERY_COMPLETION"": 99.99999899999997, ""Q3_DELIVERY_COMPLETION"": 92.85714099999996, ""Q4_DELIVERY_COMPLETION"": 100.0, ""Q5_DELIVERY_COMPLETION"": 99.99999799999999, ""Q6_DELIVERY_COMPLETION"": 97.22222124999998, ""Q7_DELIVERY_COMPLETION"": 98.03921666666666, ""Q8_DELIVERY_COMPLETION"": 100.0, ""Q9_DELIVERY_COMPLETION"": 96.29629533333332}",107643.4,557.0,575.0,True,0,1000,998,138,3.952032,True
msrcpsp_100_20_512_10_A,hybrid_hs_ga_guided_mutation_hs150_ga850,22,90.07,95.65,61.99,98.93,"{""PROJECT_COMPLETION"": 95.49999999999999, ""Q0_DELIVERY_COMPLETION"": 99.99999799999999, ""Q1_DELIVERY_COMPLETION"": 87.49999999999999, ""Q2_DELIVERY_COMPLETION"": 97.22222124999999, ""Q3_DELIVERY_COMPLETION"": 96.42856949999998, ""Q4_DELIVERY_COMPLETION"": 100.0, ""Q5_DELIVERY_COMPLETION"": 95.23809333333332, ""Q6_DELIVERY_COMPLETION"": 94.44444349999999, ""Q7_DELIVERY_COMPLETION"": 100.00000099999998, ""Q8_DELIVERY_COMPLETION"": 93.75, ""Q9_DELIVERY_COMPLETION"": 92.59259166666665}",107469.5,557.0,563.0,True,0,1000,989,138,4.096846,True
msrcpsp_100_20_512_10_A,hybrid_hs_ga_guided_mutation_hs150_ga850,23,89.1,94.26,59.66,99.29,"{""PROJECT_COMPLETION"": 93.91666666666666, ""Q0_DELIVERY_COMPLETION"": 99.99999799999999, ""Q1_DELIVERY_COMPLETION"": 96.35416666666666, ""Q2_DELIVERY_COMPLETION"": 66.66666599999999, ""Q3_DELIVERY_COMPLETION"": 99.99999799999995, ""Q4_DELIVERY_COMPLETION"": 95.83333333333333, ""Q5_DELIVERY_COMPLETION"": 96.4285695, ""Q6_DELIVERY_COMPLETION"": 99.99999899999997, ""Q7_DELIVERY_COMPLETION"": 88.72549108333332, ""Q8_DELIVERY_COMPLETION"": 100.0, ""Q9_DELIVERY_COMPLETION"": 99.99999899999997}",111650.7,557.0,561.0,True,0,1000,978,138,4.12896,True
msrcpsp_100_20_512_10_A,hybrid_hs_ga_guided_mutation_hs150_ga850,24,89.79,96.59,63.3,96.2,"{""PROJECT_COMPLETION"": 96.58333333333333, ""Q0_DELIVERY_COMPLETION"": 99.99999799999999, ""Q1_DELIVERY_COMPLETION"": 96.875, ""Q2_DELIVERY_COMPLETION"": 94.44444349999998, ""Q3_DELIVERY_COMPLETION"": 99.99999799999995, ""Q4_DELIVERY_COMPLETION"": 96.875, ""Q5_DELIVERY_COMPLETION"": 99.99999799999999, ""Q6_DELIVERY_COMPLETION"": 94.44444349999999, ""Q7_DELIVERY_COMPLETION"": 98.03921666666665, ""Q8_DELIVERY_COMPLETION"": 100.0, ""Q9_DELIVERY_COMPLETION"": 85.18518433333331}",105106.2,557.0,579.0,True,0,1000,956,138,4.118253,True
msrcpsp_100_20_512_10_A,hybrid_hs_ga_guided_mutation_hs150_ga850,25,89.59,94.06,61.92,99.64,"{""PROJECT_COMPLETION"": 93.75, ""Q0_DELIVERY_COMPLETION"": 85.71428399999999, ""Q1_DELIVERY_COMPLETION"": 88.54166666666666, ""Q2_DELIVERY_COMPLETION"": 99.99999899999997, ""Q3_DELIVERY_COMPLETION"": 98.21428374999996, ""Q4_DELIVERY_COMPLETION"": 100.0, ""Q5_DELIVERY_COMPLETION"": 85.71428399999999, ""Q6_DELIVERY_COMPLETION"": 99.99999899999997, ""Q7_DELIVERY_COMPLETION"": 91.17647149999999, ""Q8_DELIVERY_COMPLETION"": 100.0, ""Q9_DELIVERY_COMPLETION"": 92.59259166666665}",107582.7,557.0,559.0,True,0,1000,969,138,4.065108,True
msrcpsp_100_20_512_10_A,hybrid_hs_ga_guided_mutation_hs150_ga850,26,89.63,95.53,59.76,99.11,"{""PROJECT_COMPLETION"": 95.5, ""Q0_DELIVERY_COMPLETION"": 92.857141, ""Q1_DELIVERY_COMPLETION"": 97.91666666666666, ""Q2_DELIVERY_COMPLETION"": 94.44444349999999, ""Q3_DELIVERY_COMPLETION"": 99.99999799999995, ""Q4_DELIVERY_COMPLETION"": 100.0, ""Q5_DELIVERY_COMPLETION"": 80.95237933333333, ""Q6_DELIVERY_COMPLETION"": 99.99999899999997, ""Q7_DELIVERY_COMPLETION"": 89.21568716666665, ""Q8_DELIVERY_COMPLETION"": 100.0, ""Q9_DELIVERY_COMPLETION"": 99.99999899999997}",111462.8,557.0,562.0,True,0,1000,962,138,4.077556,True
msrcpsp_100_20_512_10_A,hybrid_hs_ga_guided_mutation_hs150_ga850,27,88.44,95.64,58.09,96.53,"{""PROJECT_COMPLETION"": 95.33333333333334, ""Q0_DELIVERY_COMPLETION"": 99.99999799999999, ""Q1_DELIVERY_COMPLETION"": 90.10416666666666, ""Q2_DELIVERY_COMPLETION"": 97.22222124999998, ""Q3_DELIVERY_COMPLETION"": 98.21428374999996, ""Q4_DELIVERY_COMPLETION"": 87.5, ""Q5_DELIVERY_COMPLETION"": 92.85714099999998, ""Q6_DELIVERY_COMPLETION"": 99.99999899999997, ""Q7_DELIVERY_COMPLETION"": 95.58823624999998, ""Q8_DELIVERY_COMPLETION"": 100.0, ""Q9_DELIVERY_COMPLETION"": 96.29629533333332}",114469.7,557.0,577.0,True,0,1000,953,138,4.069184,True
msrcpsp_100_20_512_10_A,hybrid_hs_ga_guided_mutation_hs150_ga850,28,91.04,97.55,61.93,99.29,"{""PROJECT_COMPLETION"": 97.75, ""Q0_DELIVERY_COMPLETION"": 96.4285695, ""Q1_DELIVERY_COMPLETION"": 95.3125, ""Q2_DELIVERY_COMPLETION"": 97.22222124999998, ""Q3_DELIVERY_COMPLETION"": 99.99999799999995, ""Q4_DELIVERY_COMPLETION"": 100.0, ""Q5_DELIVERY_COMPLETION"": 85.71428399999999, ""Q6_DELIVERY_COMPLETION"": 99.99999899999997, ""Q7_DELIVERY_COMPLETION"": 100.00000099999998, ""Q8_DELIVERY_COMPLETION"": 100.0, ""Q9_DELIVERY_COMPLETION"": 99.99999899999997}",107568.4,557.0,561.0,True,0,1000,952,138,3.920312,True
msrcpsp_100_20_512_10_A,hybrid_hs_ga_guided_mutation_hs150_ga850,29,88.34,94.25,59.24,97.38,"{""PROJECT_COMPLETION"": 93.41666666666666, ""Q0_DELIVERY_COMPLETION"": 99.99999799999999, ""Q1_DELIVERY_COMPLETION"": 93.22916666666666, ""Q2_DELIVERY_COMPLETION"": 97.22222124999999, ""Q3_DELIVERY_COMPLETION"": 92.85714099999996, ""Q4_DELIVERY_COMPLETION"": 100.0, ""Q5_DELIVERY_COMPLETION"": 99.99999799999999, ""Q6_DELIVERY_COMPLETION"": 94.44444349999999, ""Q7_DELIVERY_COMPLETION"": 88.72549108333332, ""Q8_DELIVERY_COMPLETION"": 100.0, ""Q9_DELIVERY_COMPLETION"": 79.62962883333333}",112394.6,557.0,572.0,True,0,1000,999,138,3.91991,True
msrcpsp_100_20_512_10_A,hybrid_hs_ga_guided_mutation_hs150_ga850,30,90.58,98.28,59.87,98.24,"{""PROJECT_COMPLETION"": 97.75, ""Q0_DELIVERY_COMPLETION"": 99.99999799999999, ""Q1_DELIVERY_COMPLETION"": 93.75, ""Q2_DELIVERY_COMPLETION"": 99.99999899999997, ""Q3_DELIVERY_COMPLETION"": 99.99999799999995, ""Q4_DELIVERY_COMPLETION"": 100.0, ""Q5_DELIVERY_COMPLETION"": 99.99999799999999, ""Q6_DELIVERY_COMPLETION"": 97.22222124999999, ""Q7_DELIVERY_COMPLETION"": 94.11764799999999, ""Q8_DELIVERY_COMPLETION"": 100.0, ""Q9_DELIVERY_COMPLETION"": 99.99999899999997}",111276.9,557.0,567.0,True,0,1000,939,138,4.023393,True
msrcpsp_100_5_20_9_D3,hybrid_hs_ga_guided_mutation_hs150_ga850,1,70.19,100.0,72.27,30.67,"{""PROJECT_COMPLETION"": 99.99997799999993, ""Q0_DELIVERY_COMPLETION"": 99.99999799999999, ""Q1_DELIVERY_COMPLETION"": 100.00000399999998, ""Q2_DELIVERY_COMPLETION"": 100.00000399999998, ""Q3_DELIVERY_COMPLETION"": 100.0, ""Q4_DELIVERY_COMPLETION"": 99.99999799999999, ""Q5_DELIVERY_COMPLETION"": 100.0, ""Q6_DELIVERY_COMPLETION"": 100.00000399999998, ""Q7_DELIVERY_COMPLETION"": 100.0, ""Q8_DELIVERY_COMPLETION"": 100.00000200000001}",37882.5,142.0,463.0,True,0,1000,752,138,2.819122,True
msrcpsp_100_5_20_9_D3,hybrid_hs_ga_guided_mutation_hs150_ga850,2,69.68,99.67,77.16,26.84,"{""PROJECT_COMPLETION"": 99.5726276666666, ""Q0_DELIVERY_COMPLETION"": 99.99999799999999, ""Q1_DELIVERY_COMPLETION"": 100.00000399999998, ""Q2_DELIVERY_COMPLETION"": 97.4359013333333, ""Q3_DELIVERY_COMPLETION"": 100.0, ""Q4_DELIVERY_COMPLETION"": 99.99999799999999, ""Q5_DELIVERY_COMPLETION"": 100.0, ""Q6_DELIVERY_COMPLETION"": 100.00000399999998, ""Q7_DELIVERY_COMPLETION"": 100.0, ""Q8_DELIVERY_COMPLETION"": 100.00000200000001}",36002.8,142.0,529.0,True,0,1000,986,138,2.875169,True
msrcpsp_100_5_20_9_D3,hybrid_hs_ga_guided_mutation_hs150_ga850,3,69.05,100.0,74.49,26.15,"{""PROJECT_COMPLETION"": 99.99997799999993, ""Q0_DELIVERY_COMPLETION"": 99.99999799999999, ""Q1_DELIVERY_COMPLETION"": 100.00000399999998, ""Q2_DELIVERY_COMPLETION"": 100.00000399999998, ""Q3_DELIVERY_COMPLETION"": 100.0, ""Q4_DELIVERY_COMPLETION"": 99.99999799999999, ""Q5_DELIVERY_COMPLETION"": 100.0, ""Q6_DELIVERY_COMPLETION"": 100.00000399999998, ""Q7_DELIVERY_COMPLETION"": 100.0, ""Q8_DELIVERY_COMPLETION"": 100.00000200000001}",37029.2,142.0,543.0,True,0,1000,953,138,2.865701,True
msrcpsp_100_5_20_9_D3,hybrid_hs_ga_guided_mutation_hs150_ga850,4,69.28,99.67,80.44,23.83,"{""PROJECT_COMPLETION"": 99.5726276666666, ""Q0_DELIVERY_COMPLETION"": 99.99999799999999, ""Q1_DELIVERY_COMPLETION"": 97.43590133333332, ""Q2_DELIVERY_COMPLETION"": 100.00000399999998, ""Q3_DELIVERY_COMPLETION"": 100.0, ""Q4_DELIVERY_COMPLETION"": 99.99999799999999, ""Q5_DELIVERY_COMPLETION"": 100.0, ""Q6_DELIVERY_COMPLETION"": 100.00000399999998, ""Q7_DELIVERY_COMPLETION"": 100.0, ""Q8_DELIVERY_COMPLETION"": 100.00000200000001}",34743.6,142.0,596.0,True,0,1000,966,138,2.797479,True
msrcpsp_100_5_20_9_D3,hybrid_hs_ga_guided_mutation_hs150_ga850,5,69.96,99.67,74.18,29.34,"{""PROJECT_COMPLETION"": 99.5726276666666, ""Q0_DELIVERY_COMPLETION"": 99.99999799999999, ""Q1_DELIVERY_COMPLETION"": 100.00000399999998, ""Q2_DELIVERY_COMPLETION"": 97.43590133333332, ""Q3_DELIVERY_COMPLETION"": 100.0, ""Q4_DELIVERY_COMPLETION"": 99.99999799999999, ""Q5_DELIVERY_COMPLETION"": 100.0, ""Q6_DELIVERY_COMPLETION"": 100.00000399999998, ""Q7_DELIVERY_COMPLETION"": 100.0, ""Q8_DELIVERY_COMPLETION"": 100.00000200000001}",37150.1,142.0,484.0,True,0,1000,639,138,2.896545,True
msrcpsp_100_5_20_9_D3,hybrid_hs_ga_guided_mutation_hs150_ga850,6,69.67,99.5,77.31,26.94,"{""PROJECT_COMPLETION"": 99.5726276666666, ""Q0_DELIVERY_COMPLETION"": 99.99999799999999, ""Q1_DELIVERY_COMPLETION"": 100.00000399999998, ""Q2_DELIVERY_COMPLETION"": 100.00000399999998, ""Q3_DELIVERY_COMPLETION"": 100.0, ""Q4_DELIVERY_COMPLETION"": 95.23809333333332, ""Q5_DELIVERY_COMPLETION"": 100.0, ""Q6_DELIVERY_COMPLETION"": 100.00000399999998, ""Q7_DELIVERY_COMPLETION"": 100.0, ""Q8_DELIVERY_COMPLETION"": 100.00000200000001}",35945.6,142.0,527.0,True,0,1000,991,138,2.781214,True
msrcpsp_100_5_20_9_D3,hybrid_hs_ga_guided_mutation_hs150_ga850,7,69.53,100.0,74.95,27.26,"{""PROJECT_COMPLETION"": 99.99997799999993, ""Q0_DELIVERY_COMPLETION"": 99.99999799999999, ""Q1_DELIVERY_COMPLETION"": 100.00000399999998, ""Q2_DELIVERY_COMPLETION"": 100.00000399999998, ""Q3_DELIVERY_COMPLETION"": 100.0, ""Q4_DELIVERY_COMPLETION"": 99.99999799999999, ""Q5_DELIVERY_COMPLETION"": 100.0, ""Q6_DELIVERY_COMPLETION"": 100.00000399999998, ""Q7_DELIVERY_COMPLETION"": 100.0, ""Q8_DELIVERY_COMPLETION"": 100.00000200000001}",36854.9,142.0,521.0,True,0,1000,983,138,2.793985,True
msrcpsp_100_5_20_9_D3,hybrid_hs_ga_guided_mutation_hs150_ga850,8,69.87,100.0,72.57,29.58,"{""PROJECT_COMPLETION"": 99.99997799999993, ""Q0_DELIVERY_COMPLETION"": 99.99999799999999, ""Q1_DELIVERY_COMPLETION"": 100.00000399999998, ""Q2_DELIVERY_COMPLETION"": 100.00000399999998, ""Q3_DELIVERY_COMPLETION"": 100.0, ""Q4_DELIVERY_COMPLETION"": 99.99999799999999, ""Q5_DELIVERY_COMPLETION"": 100.0, ""Q6_DELIVERY_COMPLETION"": 100.00000399999998, ""Q7_DELIVERY_COMPLETION"": 100.0, ""Q8_DELIVERY_COMPLETION"": 100.00000200000001}",37766.9,142.0,480.0,True,0,1000,977,138,2.922192,True
msrcpsp_100_5_20_9_D3,hybrid_hs_ga_guided_mutation_hs150_ga850,9,69.6,99.67,74.99,27.84,"{""PROJECT_COMPLETION"": 99.5726276666666, ""Q0_DELIVERY_COMPLETION"": 99.99999799999999, ""Q1_DELIVERY_COMPLETION"": 97.43590133333332, ""Q2_DELIVERY_COMPLETION"": 100.00000399999998, ""Q3_DELIVERY_COMPLETION"": 100.0, ""Q4_DELIVERY_COMPLETION"": 99.99999799999999, ""Q5_DELIVERY_COMPLETION"": 100.0, ""Q6_DELIVERY_COMPLETION"": 100.00000399999998, ""Q7_DELIVERY_COMPLETION"": 100.0, ""Q8_DELIVERY_COMPLETION"": 100.00000200000001}",36836.0,142.0,510.0,True,0,1000,974,138,2.817179,True
msrcpsp_100_5_20_9_D3,hybrid_hs_ga_guided_mutation_hs150_ga850,10,69.31,100.0,79.29,24.15,"{""PROJECT_COMPLETION"": 99.99997799999993, ""Q0_DELIVERY_COMPLETION"": 99.99999799999999, ""Q1_DELIVERY_COMPLETION"": 100.00000399999998, ""Q2_DELIVERY_COMPLETION"": 100.00000399999998, ""Q3_DELIVERY_COMPLETION"": 100.0, ""Q4_DELIVERY_COMPLETION"": 99.99999799999999, ""Q5_DELIVERY_COMPLETION"": 100.0, ""Q6_DELIVERY_COMPLETION"": 100.00000399999998, ""Q7_DELIVERY_COMPLETION"": 100.0, ""Q8_DELIVERY_COMPLETION"": 100.00000200000001}",35186.6,142.0,588.0,True,0,1000,984,138,2.863884,True
msrcpsp_100_5_20_9_D3,hybrid_hs_ga_guided_mutation_hs150_ga850,11,69.72,99.67,77.09,27.0,"{""PROJECT_COMPLETION"": 99.5726276666666, ""Q0_DELIVERY_COMPLETION"": 99.99999799999999, ""Q1_DELIVERY_COMPLETION"": 100.00000399999998, ""Q2_DELIVERY_COMPLETION"": 97.43590133333332, ""Q3_DELIVERY_COMPLETION"": 100.0, ""Q4_DELIVERY_COMPLETION"": 99.99999799999999, ""Q5_DELIVERY_COMPLETION"": 100.0, ""Q6_DELIVERY_COMPLETION"": 100.00000399999998, ""Q7_DELIVERY_COMPLETION"": 100.0, ""Q8_DELIVERY_COMPLETION"": 100.00000200000001}",36031.9,142.0,526.0,True,0,1000,984,138,2.871575,True
msrcpsp_100_5_20_9_D3,hybrid_hs_ga_guided_mutation_hs150_ga850,12,69.81,99.42,73.02,29.89,"{""PROJECT_COMPLETION"": 99.14527733333327, ""Q0_DELIVERY_COMPLETION"": 99.99999799999999, ""Q1_DELIVERY_COMPLETION"": 100.00000399999998, ""Q2_DELIVERY_COMPLETION"": 100.00000399999998, ""Q3_DELIVERY_COMPLETION"": 95.83333333333333, ""Q4_DELIVERY_COMPLETION"": 99.99999799999999, ""Q5_DELIVERY_COMPLETION"": 100.0, ""Q6_DELIVERY_COMPLETION"": 100.00000399999998, ""Q7_DELIVERY_COMPLETION"": 100.0, ""Q8_DELIVERY_COMPLETION"": 100.00000200000001}",37595.0,142.0,475.0,True,0,1000,991,138,2.837371,True
msrcpsp_100_5_20_9_D3,hybrid_hs_ga_guided_mutation_hs150_ga850,13,69.89,99.17,76.4,28.51,"{""PROJECT_COMPLETION"": 99.14527733333327, ""Q0_DELIVERY_COMPLETION"": 99.99999799999999, ""Q1_DELIVERY_COMPLETION"": 100.00000399999998, ""Q2_DELIVERY_COMPLETION"": 97.4359013333333, ""Q3_DELIVERY_COMPLETION"": 100.0, ""Q4_DELIVERY_COMPLETION"": 95.23809333333332, ""Q5_DELIVERY_COMPLETION"": 100.0, ""Q6_DELIVERY_COMPLETION"": 100.00000399999998, ""Q7_DELIVERY_COMPLETION"": 100.0, ""Q8_DELIVERY_COMPLETION"": 100.00000200000001}",36296.8,142.0,498.0,True,0,1000,988,138,3.015256,False
msrcpsp_100_5_20_9_D3,hybrid_hs_ga_guided_mutation_hs150_ga850,14,70.17,100.0,74.07,29.58,"{""PROJECT_COMPLETION"": 99.99997799999993, ""Q0_DELIVERY_COMPLETION"": 99.99999799999999, ""Q1_DELIVERY_COMPLETION"": 100.00000399999998, ""Q2_DELIVERY_COMPLETION"": 100.00000399999998, ""Q3_DELIVERY_COMPLETION"": 100.0, ""Q4_DELIVERY_COMPLETION"": 99.99999799999999, ""Q5_DELIVERY_COMPLETION"": 100.0, ""Q6_DELIVERY_COMPLETION"": 100.00000399999998, ""Q7_DELIVERY_COMPLETION"": 100.0, ""Q8_DELIVERY_COMPLETION"": 100.00000200000001}",37189.3,142.0,480.0,True,0,1000,959,138,2.915938,True
msrcpsp_100_5_20_9_D3,hybrid_hs_ga_guided_mutation_hs150_ga850,15,69.19,100.0,76.49,25.4,"{""PROJECT_COMPLETION"": 99.99997799999993, ""Q0_DELIVERY_COMPLETION"": 99.99999799999999, ""Q1_DELIVERY_COMPLETION"": 100.00000399999998, ""Q2_DELIVERY_COMPLETION"": 100.00000399999998, ""Q3_DELIVERY_COMPLETION"": 100.0, ""Q4_DELIVERY_COMPLETION"": 99.99999799999999, ""Q5_DELIVERY_COMPLETION"": 100.0, ""Q6_DELIVERY_COMPLETION"": 100.00000399999998, ""Q7_DELIVERY_COMPLETION"": 100.0, ""Q8_DELIVERY_COMPLETION"": 100.00000200000001}",36259.5,142.0,559.0,True,0,1000,978,138,2.789022,True
msrcpsp_100_5_20_9_D3,hybrid_hs_ga_guided_mutation_hs150_ga850,16,69.94,100.0,78.41,26.44,"{""PROJECT_COMPLETION"": 99.99997799999993, ""Q0_DELIVERY_COMPLETION"": 99.99999799999999, ""Q1_DELIVERY_COMPLETION"": 100.00000399999998, ""Q2_DELIVERY_COMPLETION"": 100.00000399999998, ""Q3_DELIVERY_COMPLETION"": 100.0, ""Q4_DELIVERY_COMPLETION"": 99.99999799999999, ""Q5_DELIVERY_COMPLETION"": 100.0, ""Q6_DELIVERY_COMPLETION"": 100.00000399999998, ""Q7_DELIVERY_COMPLETION"": 100.0, ""Q8_DELIVERY_COMPLETION"": 100.00000200000001}",35525.3,142.0,537.0,True,0,1000,877,138,2.843852,True
msrcpsp_100_5_20_9_D3,hybrid_hs_ga_guided_mutation_hs150_ga850,17,70.03,100.0,74.77,28.8,"{""PROJECT_COMPLETION"": 99.99997799999993, ""Q0_DELIVERY_COMPLETION"": 99.99999799999999, ""Q1_DELIVERY_COMPLETION"": 100.00000399999998, ""Q2_DELIVERY_COMPLETION"": 100.00000399999998, ""Q3_DELIVERY_COMPLETION"": 100.0, ""Q4_DELIVERY_COMPLETION"": 99.99999799999999, ""Q5_DELIVERY_COMPLETION"": 100.0, ""Q6_DELIVERY_COMPLETION"": 100.00000399999998, ""Q7_DELIVERY_COMPLETION"": 100.0, ""Q8_DELIVERY_COMPLETION"": 100.00000200000001}",36924.0,142.0,493.0,True,0,1000,796,138,2.816074,True
msrcpsp_100_5_20_9_D3,hybrid_hs_ga_guided_mutation_hs150_ga850,18,69.73,99.67,77.42,26.84,"{""PROJECT_COMPLETION"": 99.5726276666666, ""Q0_DELIVERY_COMPLETION"": 99.99999799999999, ""Q1_DELIVERY_COMPLETION"": 100.00000399999998, ""Q2_DELIVERY_COMPLETION"": 97.43590133333332, ""Q3_DELIVERY_COMPLETION"": 100.0, ""Q4_DELIVERY_COMPLETION"": 99.99999799999999, ""Q5_DELIVERY_COMPLETION"": 100.0, ""Q6_DELIVERY_COMPLETION"": 100.00000399999998, ""Q7_DELIVERY_COMPLETION"": 100.0, ""Q8_DELIVERY_COMPLETION"": 100.00000200000001}",35905.7,142.0,529.0,True,0,1000,864,138,2.773069,True
msrcpsp_100_5_20_9_D3,hybrid_hs_ga_guided_mutation_hs150_ga850,19,69.34,98.92,72.26,29.65,"{""PROJECT_COMPLETION"": 98.71792699999995, ""Q0_DELIVERY_COMPLETION"": 99.99999799999999, ""Q1_DELIVERY_COMPLETION"": 100.00000399999998, ""Q2_DELIVERY_COMPLETION"": 100.00000399999998, ""Q3_DELIVERY_COMPLETION"": 95.83333333333333, ""Q4_DELIVERY_COMPLETION"": 95.23809333333332, ""Q5_DELIVERY_COMPLETION"": 100.0, ""Q6_DELIVERY_COMPLETION"": 100.00000399999998, ""Q7_DELIVERY_COMPLETION"": 100.0, ""Q8_DELIVERY_COMPLETION"": 100.00000200000001}",37888.0,142.0,479.0,True,0,1000,826,138,2.898184,True
msrcpsp_100_5_20_9_D3,hybrid_hs_ga_guided_mutation_hs150_ga850,20,70.2,99.71,79.23,27.1,"{""PROJECT_COMPLETION"": 99.5726276666666, ""Q0_DELIVERY_COMPLETION"": 99.99999799999999, ""Q1_DELIVERY_COMPLETION"": 100.00000399999998, ""Q2_DELIVERY_COMPLETION"": 100.00000399999998, ""Q3_DELIVERY_COMPLETION"": 97.91666666666666, ""Q4_DELIVERY_COMPLETION"": 99.99999799999999, ""Q5_DELIVERY_COMPLETION"": 100.0, ""Q6_DELIVERY_COMPLETION"": 100.00000399999998, ""Q7_DELIVERY_COMPLETION"": 100.0, ""Q8_DELIVERY_COMPLETION"": 100.00000200000001}",35207.3,142.0,524.0,True,0,1000,939,138,2.886719,True
msrcpsp_100_5_20_9_D3,hybrid_hs_ga_guided_mutation_hs150_ga850,21,69.47,100.0,79.43,24.53,"{""PROJECT_COMPLETION"": 99.99997799999993, ""Q0_DELIVERY_COMPLETION"": 99.99999799999999, ""Q1_DELIVERY_COMPLETION"": 100.00000399999998, ""Q2_DELIVERY_COMPLETION"": 100.00000399999998, ""Q3_DELIVERY_COMPLETION"": 100.0, ""Q4_DELIVERY_COMPLETION"": 99.99999799999999, ""Q5_DELIVERY_COMPLETION"": 100.0, ""Q6_DELIVERY_COMPLETION"": 100.00000399999998, ""Q7_DELIVERY_COMPLETION"": 100.0, ""Q8_DELIVERY_COMPLETION"": 100.00000200000001}",35130.6,142.0,579.0,True,0,1000,887,138,2.795542,True
msrcpsp_100_5_20_9_D3,hybrid_hs_ga_guided_mutation_hs150_ga850,22,70.04,100.0,76.55,27.79,"{""PROJECT_COMPLETION"": 99.99997799999993, ""Q0_DELIVERY_COMPLETION"": 99.99999799999999, ""Q1_DELIVERY_COMPLETION"": 100.00000399999998, ""Q2_DELIVERY_COMPLETION"": 100.00000399999998, ""Q3_DELIVERY_COMPLETION"": 100.0, ""Q4_DELIVERY_COMPLETION"": 99.99999799999999, ""Q5_DELIVERY_COMPLETION"": 100.0, ""Q6_DELIVERY_COMPLETION"": 100.00000399999998, ""Q7_DELIVERY_COMPLETION"": 100.0, ""Q8_DELIVERY_COMPLETION"": 100.00000200000001}",36239.8,142.0,511.0,True,0,1000,848,138,2.860371,True
msrcpsp_100_5_20_9_D3,hybrid_hs_ga_guided_mutation_hs150_ga850,23,69.73,100.0,75.38,27.57,"{""PROJECT_COMPLETION"": 99.99997799999993, ""Q0_DELIVERY_COMPLETION"": 99.99999799999999, ""Q1_DELIVERY_COMPLETION"": 100.00000399999998, ""Q2_DELIVERY_COMPLETION"": 100.00000399999998, ""Q3_DELIVERY_COMPLETION"": 100.0, ""Q4_DELIVERY_COMPLETION"": 99.99999799999999, ""Q5_DELIVERY_COMPLETION"": 100.0, ""Q6_DELIVERY_COMPLETION"": 100.00000399999998, ""Q7_DELIVERY_COMPLETION"": 100.0, ""Q8_DELIVERY_COMPLETION"": 100.00000200000001}",36687.3,142.0,515.0,True,0,1000,853,138,2.771289,True
msrcpsp_100_5_20_9_D3,hybrid_hs_ga_guided_mutation_hs150_ga850,24,69.78,99.17,74.01,29.58,"{""PROJECT_COMPLETION"": 99.14527733333328, ""Q0_DELIVERY_COMPLETION"": 99.99999799999999, ""Q1_DELIVERY_COMPLETION"": 100.00000399999998, ""Q2_DELIVERY_COMPLETION"": 97.43590133333332, ""Q3_DELIVERY_COMPLETION"": 100.0, ""Q4_DELIVERY_COMPLETION"": 95.23809333333332, ""Q5_DELIVERY_COMPLETION"": 100.0, ""Q6_DELIVERY_COMPLETION"": 100.00000399999998, ""Q7_DELIVERY_COMPLETION"": 100.0, ""Q8_DELIVERY_COMPLETION"": 100.00000200000001}",37214.2,142.0,480.0,True,0,1000,658,138,2.893041,True
msrcpsp_100_5_20_9_D3,hybrid_hs_ga_guided_mutation_hs150_ga850,25,69.34,98.29,73.9,29.52,"{""PROJECT_COMPLETION"": 98.29057666666662, ""Q0_DELIVERY_COMPLETION"": 99.99999799999999, ""Q1_DELIVERY_COMPLETION"": 97.43590133333332, ""Q2_DELIVERY_COMPLETION"": 97.4359013333333, ""Q3_DELIVERY_COMPLETION"": 100.0, ""Q4_DELIVERY_COMPLETION"": 95.23809333333332, ""Q5_DELIVERY_COMPLETION"": 100.0, ""Q6_DELIVERY_COMPLETION"": 100.00000399999998, ""Q7_DELIVERY_COMPLETION"": 100.0, ""Q8_DELIVERY_COMPLETION"": 94.44444633333333}",37256.9,142.0,481.0,True,0,1000,859,138,2.833654,True
msrcpsp_100_5_20_9_D3,hybrid_hs_ga_guided_mutation_hs150_ga850,26,70.13,99.67,80.2,26.39,"{""PROJECT_COMPLETION"": 99.5726276666666, ""Q0_DELIVERY_COMPLETION"": 99.99999799999999, ""Q1_DELIVERY_COMPLETION"": 97.4359013333333, ""Q2_DELIVERY_COMPLETION"": 100.00000399999998, ""Q3_DELIVERY_COMPLETION"": 100.0, ""Q4_DELIVERY_COMPLETION"": 99.99999799999999, ""Q5_DELIVERY_COMPLETION"": 100.0, ""Q6_DELIVERY_COMPLETION"": 100.00000399999998, ""Q7_DELIVERY_COMPLETION"": 100.0, ""Q8_DELIVERY_COMPLETION"": 100.00000200000001}",34837.0,142.0,538.0,True,0,1000,874,138,2.854278,True
msrcpsp_100_5_20_9_D3,hybrid_hs_ga_guided_mutation_hs150_ga850,27,69.18,100.0,69.34,29.46,"{""PROJECT_COMPLETION"": 99.99997799999993, ""Q0_DELIVERY_COMPLETION"": 99.99999799999999, ""Q1_DELIVERY_COMPLETION"": 100.00000399999998, ""Q2_DELIVERY_COMPLETION"": 100.00000399999998, ""Q3_DELIVERY_COMPLETION"": 100.0, ""Q4_DELIVERY_COMPLETION"": 99.99999799999999, ""Q5_DELIVERY_COMPLETION"": 100.0, ""Q6_DELIVERY_COMPLETION"": 100.00000399999998, ""Q7_DELIVERY_COMPLETION"": 100.0, ""Q8_DELIVERY_COMPLETION"": 100.00000200000001}",39009.9,142.0,482.0,True,0,1000,961,138,2.821553,True
msrcpsp_100_5_20_9_D3,hybrid_hs_ga_guided_mutation_hs150_ga850,28,69.66,100.0,80.66,24.36,"{""PROJECT_COMPLETION"": 99.99997799999993, ""Q0_DELIVERY_COMPLETION"": 99.99999799999999, ""Q1_DELIVERY_COMPLETION"": 100.00000399999998, ""Q2_DELIVERY_COMPLETION"": 100.00000399999998, ""Q3_DELIVERY_COMPLETION"": 100.0, ""Q4_DELIVERY_COMPLETION"": 99.99999799999999, ""Q5_DELIVERY_COMPLETION"": 100.0, ""Q6_DELIVERY_COMPLETION"": 100.00000399999998, ""Q7_DELIVERY_COMPLETION"": 100.0, ""Q8_DELIVERY_COMPLETION"": 100.00000200000001}",34657.4,142.0,583.0,True,0,1000,894,138,2.782351,True
msrcpsp_100_5_20_9_D3,hybrid_hs_ga_guided_mutation_hs150_ga850,29,69.87,99.5,71.79,30.67,"{""PROJECT_COMPLETION"": 99.5726276666666, ""Q0_DELIVERY_COMPLETION"": 99.99999799999999, ""Q1_DELIVERY_COMPLETION"": 100.00000399999998, ""Q2_DELIVERY_COMPLETION"": 100.00000399999998, ""Q3_DELIVERY_COMPLETION"": 100.0, ""Q4_DELIVERY_COMPLETION"": 95.23809333333332, ""Q5_DELIVERY_COMPLETION"": 100.0, ""Q6_DELIVERY_COMPLETION"": 100.00000399999998, ""Q7_DELIVERY_COMPLETION"": 100.0, ""Q8_DELIVERY_COMPLETION"": 100.00000200000001}",38068.6,142.0,463.0,True,0,1000,864,138,2.904984,True
msrcpsp_100_5_20_9_D3,hybrid_hs_ga_guided_mutation_hs150_ga850,30,69.88,100.0,78.87,26.01,"{""PROJECT_COMPLETION"": 99.99997799999993, ""Q0_DELIVERY_COMPLETION"": 99.99999799999999, ""Q1_DELIVERY_COMPLETION"": 100.00000399999998, ""Q2_DELIVERY_COMPLETION"": 100.00000399999998, ""Q3_DELIVERY_COMPLETION"": 100.0, ""Q4_DELIVERY_COMPLETION"": 99.99999799999999, ""Q5_DELIVERY_COMPLETION"": 100.0, ""Q6_DELIVERY_COMPLETION"": 100.00000399999998, ""Q7_DELIVERY_COMPLETION"": 100.0, ""Q8_DELIVERY_COMPLETION"": 100.00000200000001}",35346.1,142.0,546.0,True,0,1000,876,138,2.812337,True
msrcpsp_10_3_5_3,hybrid_hs_ga_guided_mutation_hs150_ga850,1,80.38,100.0,45.26,75.22,"{""PROJECT_COMPLETION"": 100.0}",11852.1,85.0,113.0,True,0,1000,149,138,0.389037,True
msrcpsp_10_3_5_3,hybrid_hs_ga_guided_mutation_hs150_ga850,2,80.57,100.0,37.5,80.19,"{""PROJECT_COMPLETION"": 100.0}",12422.2,85.0,106.0,True,0,1000,300,138,0.367526,True
msrcpsp_10_3_5_3,hybrid_hs_ga_guided_mutation_hs150_ga850,3,80.23,100.0,44.51,75.22,"{""PROJECT_COMPLETION"": 100.0}",11907.3,85.0,113.0,True,0,1000,896,138,0.359396,True
msrcpsp_10_3_5_3,hybrid_hs_ga_guided_mutation_hs150_ga850,4,80.57,100.0,37.5,80.19,"{""PROJECT_COMPLETION"": 100.0}",12422.2,85.0,106.0,True,0,1000,610,138,0.371584,True
msrcpsp_10_3_5_3,hybrid_hs_ga_guided_mutation_hs150_ga850,5,80.57,100.0,37.5,80.19,"{""PROJECT_COMPLETION"": 100.0}",12422.2,85.0,106.0,True,0,1000,871,138,0.392097,True
msrcpsp_10_3_5_3,hybrid_hs_ga_guided_mutation_hs150_ga850,6,80.57,100.0,37.5,80.19,"{""PROJECT_COMPLETION"": 100.0}",12422.2,85.0,106.0,True,0,1000,205,138,0.363969,True
msrcpsp_10_3_5_3,hybrid_hs_ga_guided_mutation_hs150_ga850,7,80.57,100.0,37.5,80.19,"{""PROJECT_COMPLETION"": 100.0}",12422.2,85.0,106.0,True,0,1000,723,138,0.375919,True
msrcpsp_10_3_5_3,hybrid_hs_ga_guided_mutation_hs150_ga850,8,80.57,100.0,37.5,80.19,"{""PROJECT_COMPLETION"": 100.0}",12422.2,85.0,106.0,True,0,1000,753,138,0.36677,True
msrcpsp_10_3_5_3,hybrid_hs_ga_guided_mutation_hs150_ga850,9,80.57,100.0,37.5,80.19,"{""PROJECT_COMPLETION"": 100.0}",12422.2,85.0,106.0,True,0,1000,887,138,0.397115,True
msrcpsp_10_3_5_3,hybrid_hs_ga_guided_mutation_hs150_ga850,10,80.57,100.0,37.5,80.19,"{""PROJECT_COMPLETION"": 100.0}",12422.2,85.0,106.0,True,0,1000,586,138,0.366681,True
msrcpsp_10_3_5_3,hybrid_hs_ga_guided_mutation_hs150_ga850,11,80.06,100.0,45.93,73.91,"{""PROJECT_COMPLETION"": 100.0}",11802.7,85.0,115.0,True,0,1000,272,138,0.367286,True
msrcpsp_10_3_5_3,hybrid_hs_ga_guided_mutation_hs150_ga850,12,80.57,100.0,37.5,80.19,"{""PROJECT_COMPLETION"": 100.0}",12422.2,85.0,106.0,True,0,1000,390,138,0.380139,True
msrcpsp_10_3_5_3,hybrid_hs_ga_guided_mutation_hs150_ga850,13,80.57,100.0,37.5,80.19,"{""PROJECT_COMPLETION"": 100.0}",12422.2,85.0,106.0,True,0,1000,783,138,0.377167,True
msrcpsp_10_3_5_3,hybrid_hs_ga_guided_mutation_hs150_ga850,14,80.57,100.0,37.5,80.19,"{""PROJECT_COMPLETION"": 100.0}",12422.2,85.0,106.0,True,0,1000,689,138,0.356291,True
msrcpsp_10_3_5_3,hybrid_hs_ga_guided_mutation_hs150_ga850,15,80.57,100.0,37.5,80.19,"{""PROJECT_COMPLETION"": 100.0}",12422.2,85.0,106.0,True,0,1000,693,138,0.360009,True
msrcpsp_10_3_5_3,hybrid_hs_ga_guided_mutation_hs150_ga850,16,80.57,100.0,37.5,80.19,"{""PROJECT_COMPLETION"": 100.0}",12422.2,85.0,106.0,True,0,1000,265,138,0.363502,True
msrcpsp_10_3_5_3,hybrid_hs_ga_guided_mutation_hs150_ga850,17,80.57,100.0,37.5,80.19,"{""PROJECT_COMPLETION"": 100.0}",12422.2,85.0,106.0,True,0,1000,563,138,0.368427,True
msrcpsp_10_3_5_3,hybrid_hs_ga_guided_mutation_hs150_ga850,18,80.57,100.0,37.5,80.19,"{""PROJECT_COMPLETION"": 100.0}",12422.2,85.0,106.0,True,0,1000,605,138,0.376437,True
msrcpsp_10_3_5_3,hybrid_hs_ga_guided_mutation_hs150_ga850,19,80.38,100.0,45.26,75.22,"{""PROJECT_COMPLETION"": 100.0}",11852.1,85.0,113.0,True,0,1000,368,138,0.369772,True
msrcpsp_10_3_5_3,hybrid_hs_ga_guided_mutation_hs150_ga850,20,80.38,100.0,45.26,75.22,"{""PROJECT_COMPLETION"": 100.0}",11852.1,85.0,113.0,True,0,1000,712,138,0.363583,True
msrcpsp_10_3_5_3,hybrid_hs_ga_guided_mutation_hs150_ga850,21,80.23,100.0,44.51,75.22,"{""PROJECT_COMPLETION"": 100.0}",11907.3,85.0,113.0,True,0,1000,783,138,0.394417,True
msrcpsp_10_3_5_3,hybrid_hs_ga_guided_mutation_hs150_ga850,22,80.57,100.0,37.5,80.19,"{""PROJECT_COMPLETION"": 100.0}",12422.2,85.0,106.0,True,0,1000,379,138,0.391515,True
msrcpsp_10_3_5_3,hybrid_hs_ga_guided_mutation_hs150_ga850,23,80.38,100.0,45.26,75.22,"{""PROJECT_COMPLETION"": 100.0}",11852.1,85.0,113.0,True,0,1000,445,138,0.362248,True
msrcpsp_10_3_5_3,hybrid_hs_ga_guided_mutation_hs150_ga850,24,80.48,100.0,37.07,80.19,"{""PROJECT_COMPLETION"": 100.0}",12453.4,85.0,106.0,True,0,1000,739,138,0.354495,True
msrcpsp_10_3_5_3,hybrid_hs_ga_guided_mutation_hs150_ga850,25,80.57,100.0,37.5,80.19,"{""PROJECT_COMPLETION"": 100.0}",12422.2,85.0,106.0,True,0,1000,178,138,0.350023,True
msrcpsp_10_3_5_3,hybrid_hs_ga_guided_mutation_hs150_ga850,26,80.57,100.0,37.5,80.19,"{""PROJECT_COMPLETION"": 100.0}",12422.2,85.0,106.0,True,0,1000,266,138,0.343833,True
msrcpsp_10_3_5_3,hybrid_hs_ga_guided_mutation_hs150_ga850,27,80.38,100.0,45.26,75.22,"{""PROJECT_COMPLETION"": 100.0}",11852.1,85.0,113.0,True,0,1000,284,138,0.463634,True
msrcpsp_10_3_5_3,hybrid_hs_ga_guided_mutation_hs150_ga850,28,80.38,100.0,45.26,75.22,"{""PROJECT_COMPLETION"": 100.0}",11852.1,85.0,113.0,True,0,1000,188,138,0.361414,True
msrcpsp_10_3_5_3,hybrid_hs_ga_guided_mutation_hs150_ga850,29,80.57,100.0,37.5,80.19,"{""PROJECT_COMPLETION"": 100.0}",12422.2,85.0,106.0,True,0,1000,857,138,0.347172,True
msrcpsp_10_3_5_3,hybrid_hs_ga_guided_mutation_hs150_ga850,30,80.57,100.0,37.5,80.19,"{""PROJECT_COMPLETION"": 100.0}",12422.2,85.0,106.0,True,0,1000,739,138,0.34644,True
msrcpsp_10_5_8_5,hybrid_hs_ga_guided_mutation_hs150_ga850,1,85.72,93.5,43.21,100.0,"{""PROJECT_COMPLETION"": 93.33333333333333, ""Q1_DELIVERY_COMPLETION"": 93.33333333333333, ""Q2_DELIVERY_COMPLETION"": 100.0, ""Q3_DELIVERY_COMPLETION"": 100.0, ""Q4_DELIVERY_COMPLETION"": 83.33333333333333}",11506.6,76.0,76.0,True,0,1000,380,138,0.373636,True
msrcpsp_10_5_8_5,hybrid_hs_ga_guided_mutation_hs150_ga850,2,86.6,96.17,50.36,95.0,"{""PROJECT_COMPLETION"": 96.66666666666667, ""Q1_DELIVERY_COMPLETION"": 100.0, ""Q2_DELIVERY_COMPLETION"": 100.0, ""Q3_DELIVERY_COMPLETION"": 100.0, ""Q4_DELIVERY_COMPLETION"": 83.33333333333333}",10673.2,76.0,80.0,True,0,1000,345,138,0.376056,True
msrcpsp_10_5_8_5,hybrid_hs_ga_guided_mutation_hs150_ga850,3,85.61,88.17,54.66,100.0,"{""PROJECT_COMPLETION"": 86.66666666666667, ""Q1_DELIVERY_COMPLETION"": 80.0, ""Q2_DELIVERY_COMPLETION"": 100.0, ""Q3_DELIVERY_COMPLETION"": 100.0, ""Q4_DELIVERY_COMPLETION"": 83.33333333333333}",10171.6,76.0,76.0,True,0,1000,598,138,0.376717,True
msrcpsp_10_5_8_5,hybrid_hs_ga_guided_mutation_hs150_ga850,4,86.6,96.17,50.36,95.0,"{""PROJECT_COMPLETION"": 96.66666666666667, ""Q1_DELIVERY_COMPLETION"": 100.0, ""Q2_DELIVERY_COMPLETION"": 100.0, ""Q3_DELIVERY_COMPLETION"": 100.0, ""Q4_DELIVERY_COMPLETION"": 83.33333333333333}",10673.2,76.0,80.0,True,0,1000,456,138,0.389318,True
msrcpsp_10_5_8_5,hybrid_hs_ga_guided_mutation_hs150_ga850,5,86.6,96.17,50.36,95.0,"{""PROJECT_COMPLETION"": 96.66666666666667, ""Q1_DELIVERY_COMPLETION"": 100.0, ""Q2_DELIVERY_COMPLETION"": 100.0, ""Q3_DELIVERY_COMPLETION"": 100.0, ""Q4_DELIVERY_COMPLETION"": 83.33333333333333}",10673.2,76.0,80.0,True,0,1000,577,138,0.379239,True
msrcpsp_10_5_8_5,hybrid_hs_ga_guided_mutation_hs150_ga850,6,86.6,96.17,50.36,95.0,"{""PROJECT_COMPLETION"": 96.66666666666667, ""Q1_DELIVERY_COMPLETION"": 100.0, ""Q2_DELIVERY_COMPLETION"": 100.0, ""Q3_DELIVERY_COMPLETION"": 100.0, ""Q4_DELIVERY_COMPLETION"": 83.33333333333333}",10673.2,76.0,80.0,True,0,1000,708,138,0.379209,True
msrcpsp_10_5_8_5,hybrid_hs_ga_guided_mutation_hs150_ga850,7,86.51,96.17,49.94,95.0,"{""PROJECT_COMPLETION"": 96.66666666666667, ""Q1_DELIVERY_COMPLETION"": 100.0, ""Q2_DELIVERY_COMPLETION"": 100.0, ""Q3_DELIVERY_COMPLETION"": 100.0, ""Q4_DELIVERY_COMPLETION"": 83.33333333333333}",10722.0,76.0,80.0,True,0,1000,641,138,0.38575,True
msrcpsp_10_5_8_5,hybrid_hs_ga_guided_mutation_hs150_ga850,8,85.72,93.5,43.21,100.0,"{""PROJECT_COMPLETION"": 93.33333333333333, ""Q1_DELIVERY_COMPLETION"": 93.33333333333333, ""Q2_DELIVERY_COMPLETION"": 100.0, ""Q3_DELIVERY_COMPLETION"": 100.0, ""Q4_DELIVERY_COMPLETION"": 83.33333333333333}",11506.6,76.0,76.0,True,0,1000,730,138,0.391178,True
msrcpsp_10_5_8_5,hybrid_hs_ga_guided_mutation_hs150_ga850,9,86.6,96.17,50.36,95.0,"{""PROJECT_COMPLETION"": 96.66666666666667, ""Q1_DELIVERY_COMPLETION"": 100.0, ""Q2_DELIVERY_COMPLETION"": 100.0, ""Q3_DELIVERY_COMPLETION"": 100.0, ""Q4_DELIVERY_COMPLETION"": 83.33333333333333}",10673.2,76.0,80.0,True,0,1000,602,138,0.40091,True
msrcpsp_10_5_8_5,hybrid_hs_ga_guided_mutation_hs150_ga850,10,86.51,96.17,49.94,95.0,"{""PROJECT_COMPLETION"": 96.66666666666667, ""Q1_DELIVERY_COMPLETION"": 100.0, ""Q2_DELIVERY_COMPLETION"": 100.0, ""Q3_DELIVERY_COMPLETION"": 100.0, ""Q4_DELIVERY_COMPLETION"": 83.33333333333333}",10722.0,76.0,80.0,True,0,1000,538,138,0.3775,True
msrcpsp_10_5_8_5,hybrid_hs_ga_guided_mutation_hs150_ga850,11,85.83,92.33,55.16,95.0,"{""PROJECT_COMPLETION"": 93.33333333333333, ""Q1_DELIVERY_COMPLETION"": 100.0, ""Q2_DELIVERY_COMPLETION"": 100.0, ""Q3_DELIVERY_COMPLETION"": 100.0, ""Q4_DELIVERY_COMPLETION"": 66.66666666666666}",10112.9,76.0,80.0,True,0,1000,562,138,0.381213,True
msrcpsp_10_5_8_5,hybrid_hs_ga_guided_mutation_hs150_ga850,12,86.6,96.17,50.36,95.0,"{""PROJECT_COMPLETION"": 96.66666666666667, ""Q1_DELIVERY_COMPLETION"": 100.0, ""Q2_DELIVERY_COMPLETION"": 100.0, ""Q3_DELIVERY_COMPLETION"": 100.0, ""Q4_DELIVERY_COMPLETION"": 83.33333333333333}",10673.2,76.0,80.0,True,0,1000,318,138,0.388037,True
msrcpsp_10_5_8_5,hybrid_hs_ga_guided_mutation_hs150_ga850,13,86.6,96.17,50.36,95.0,"{""PROJECT_COMPLETION"": 96.66666666666667, ""Q1_DELIVERY_COMPLETION"": 100.0, ""Q2_DELIVERY_COMPLETION"": 100.0, ""Q3_DELIVERY_COMPLETION"": 100.0, ""Q4_DELIVERY_COMPLETION"": 83.33333333333333}",10673.2,76.0,80.0,True,0,1000,746,138,0.382496,True
msrcpsp_10_5_8_5,hybrid_hs_ga_guided_mutation_hs150_ga850,14,85.83,92.33,55.16,95.0,"{""PROJECT_COMPLETION"": 93.33333333333333, ""Q1_DELIVERY_COMPLETION"": 100.0, ""Q2_DELIVERY_COMPLETION"": 100.0, ""Q3_DELIVERY_COMPLETION"": 100.0, ""Q4_DELIVERY_COMPLETION"": 66.66666666666666}",10112.9,76.0,80.0,True,0,1000,480,138,0.375864,True
msrcpsp_10_5_8_5,hybrid_hs_ga_guided_mutation_hs150_ga850,15,86.6,96.17,50.36,95.0,"{""PROJECT_COMPLETION"": 96.66666666666667, ""Q1_DELIVERY_COMPLETION"": 100.0, ""Q2_DELIVERY_COMPLETION"": 100.0, ""Q3_DELIVERY_COMPLETION"": 100.0, ""Q4_DELIVERY_COMPLETION"": 83.33333333333333}",10673.2,76.0,80.0,True,0,1000,494,138,0.375082,True
msrcpsp_10_5_8_5,hybrid_hs_ga_guided_mutation_hs150_ga850,16,86.51,96.17,49.94,95.0,"{""PROJECT_COMPLETION"": 96.66666666666667, ""Q1_DELIVERY_COMPLETION"": 100.0, ""Q2_DELIVERY_COMPLETION"": 100.0, ""Q3_DELIVERY_COMPLETION"": 100.0, ""Q4_DELIVERY_COMPLETION"": 83.33333333333333}",10722.0,76.0,80.0,True,0,1000,616,138,0.372294,True
msrcpsp_10_5_8_5,hybrid_hs_ga_guided_mutation_hs150_ga850,17,86.6,96.17,50.36,95.0,"{""PROJECT_COMPLETION"": 96.66666666666667, ""Q1_DELIVERY_COMPLETION"": 100.0, ""Q2_DELIVERY_COMPLETION"": 100.0, ""Q3_DELIVERY_COMPLETION"": 100.0, ""Q4_DELIVERY_COMPLETION"": 83.33333333333333}",10673.2,76.0,80.0,True,0,1000,683,138,0.385851,True
msrcpsp_10_5_8_5,hybrid_hs_ga_guided_mutation_hs150_ga850,18,85.92,100.0,46.28,90.48,"{""PROJECT_COMPLETION"": 100.0, ""Q1_DELIVERY_COMPLETION"": 100.0, ""Q2_DELIVERY_COMPLETION"": 100.0, ""Q3_DELIVERY_COMPLETION"": 100.0, ""Q4_DELIVERY_COMPLETION"": 100.0}",11148.6,76.0,84.0,True,0,1000,725,138,0.379815,True
msrcpsp_10_5_8_5,hybrid_hs_ga_guided_mutation_hs150_ga850,19,85.09,93.5,40.06,100.0,"{""PROJECT_COMPLETION"": 93.33333333333333, ""Q1_DELIVERY_COMPLETION"": 93.33333333333333, ""Q2_DELIVERY_COMPLETION"": 100.0, ""Q3_DELIVERY_COMPLETION"": 100.0, ""Q4_DELIVERY_COMPLETION"": 83.33333333333333}",11874.4,76.0,76.0,True,0,1000,369,138,0.380939,True
msrcpsp_10_5_8_5,hybrid_hs_ga_guided_mutation_hs150_ga850,20,85.77,93.5,50.12,96.2,"{""PROJECT_COMPLETION"": 93.33333333333334, ""Q1_DELIVERY_COMPLETION"": 93.33333333333333, ""Q2_DELIVERY_COMPLETION"": 100.0, ""Q3_DELIVERY_COMPLETION"": 100.0, ""Q4_DELIVERY_COMPLETION"": 83.33333333333333}",10700.3,76.0,79.0,True,0,1000,240,138,0.371366,True
msrcpsp_10_5_8_5,hybrid_hs_ga_guided_mutation_hs150_ga850,21,85.42,93.5,41.73,100.0,"{""PROJECT_COMPLETION"": 93.33333333333333, ""Q1_DELIVERY_COMPLETION"": 93.33333333333333, ""Q2_DELIVERY_COMPLETION"": 100.0, ""Q3_DELIVERY_COMPLETION"": 100.0, ""Q4_DELIVERY_COMPLETION"": 83.33333333333333}",11679.6,76.0,76.0,True,0,1000,411,138,0.372494,False
msrcpsp_10_5_8_5,hybrid_hs_ga_guided_mutation_hs150_ga850,22,85.25,93.5,40.85,100.0,"{""PROJECT_COMPLETION"": 93.33333333333333, ""Q1_DELIVERY_COMPLETION"": 93.33333333333333, ""Q2_DELIVERY_COMPLETION"": 100.0, ""Q3_DELIVERY_COMPLETION"": 100.0, ""Q4_DELIVERY_COMPLETION"": 83.33333333333333}",11781.6,76.0,76.0,True,0,1000,520,138,0.390135,True
msrcpsp_10_5_8_5,hybrid_hs_ga_guided_mutation_hs150_ga850,23,86.6,96.17,50.36,95.0,"{""PROJECT_COMPLETION"": 96.66666666666667, ""Q1_DELIVERY_COMPLETION"": 100.0, ""Q2_DELIVERY_COMPLETION"": 100.0, ""Q3_DELIVERY_COMPLETION"": 100.0, ""Q4_DELIVERY_COMPLETION"": 83.33333333333333}",10673.2,76.0,80.0,True,0,1000,510,138,0.372542,True
msrcpsp_10_5_8_5,hybrid_hs_ga_guided_mutation_hs150_ga850,24,86.51,96.17,49.94,95.0,"{""PROJECT_COMPLETION"": 96.66666666666667, ""Q1_DELIVERY_COMPLETION"": 100.0, ""Q2_DELIVERY_COMPLETION"": 100.0, ""Q3_DELIVERY_COMPLETION"": 100.0, ""Q4_DELIVERY_COMPLETION"": 83.33333333333333}",10722.0,76.0,80.0,True,0,1000,515,138,0.374103,True
msrcpsp_10_5_8_5,hybrid_hs_ga_guided_mutation_hs150_ga850,25,86.6,96.17,50.36,95.0,"{""PROJECT_COMPLETION"": 96.66666666666667, ""Q1_DELIVERY_COMPLETION"": 100.0, ""Q2_DELIVERY_COMPLETION"": 100.0, ""Q3_DELIVERY_COMPLETION"": 100.0, ""Q4_DELIVERY_COMPLETION"": 83.33333333333333}",10673.2,76.0,80.0,True,0,1000,522,138,0.37462,True
msrcpsp_10_5_8_5,hybrid_hs_ga_guided_mutation_hs150_ga850,26,85.72,93.5,43.21,100.0,"{""PROJECT_COMPLETION"": 93.33333333333333, ""Q1_DELIVERY_COMPLETION"": 93.33333333333333, ""Q2_DELIVERY_COMPLETION"": 100.0, ""Q3_DELIVERY_COMPLETION"": 100.0, ""Q4_DELIVERY_COMPLETION"": 83.33333333333333}",11506.6,76.0,76.0,True,0,1000,561,138,0.381787,True
msrcpsp_10_5_8_5,hybrid_hs_ga_guided_mutation_hs150_ga850,27,86.6,96.17,50.36,95.0,"{""PROJECT_COMPLETION"": 96.66666666666667, ""Q1_DELIVERY_COMPLETION"": 100.0, ""Q2_DELIVERY_COMPLETION"": 100.0, ""Q3_DELIVERY_COMPLETION"": 100.0, ""Q4_DELIVERY_COMPLETION"": 83.33333333333333}",10673.2,76.0,80.0,True,0,1000,460,138,0.379281,True
msrcpsp_10_5_8_5,hybrid_hs_ga_guided_mutation_hs150_ga850,28,85.7,93.5,43.12,100.0,"{""PROJECT_COMPLETION"": 93.33333333333333, ""Q1_DELIVERY_COMPLETION"": 93.33333333333333, ""Q2_DELIVERY_COMPLETION"": 100.0, ""Q3_DELIVERY_COMPLETION"": 100.0, ""Q4_DELIVERY_COMPLETION"": 83.33333333333333}",11516.8,76.0,76.0,True,0,1000,294,138,0.382416,True
msrcpsp_10_5_8_5,hybrid_hs_ga_guided_mutation_hs150_ga850,29,85.7,93.5,43.12,100.0,"{""PROJECT_COMPLETION"": 93.33333333333333, ""Q1_DELIVERY_COMPLETION"": 93.33333333333333, ""Q2_DELIVERY_COMPLETION"": 100.0, ""Q3_DELIVERY_COMPLETION"": 100.0, ""Q4_DELIVERY_COMPLETION"": 83.33333333333333}",11516.8,76.0,76.0,True,0,1000,337,138,0.381191,True
msrcpsp_10_5_8_5,hybrid_hs_ga_guided_mutation_hs150_ga850,30,85.71,96.17,45.91,95.0,"{""PROJECT_COMPLETION"": 96.66666666666667, ""Q1_DELIVERY_COMPLETION"": 100.0, ""Q2_DELIVERY_COMPLETION"": 100.0, ""Q3_DELIVERY_COMPLETION"": 100.0, ""Q4_DELIVERY_COMPLETION"": 83.33333333333333}",11191.8,76.0,80.0,True,0,1000,429,138,0.406598,True
msrcpsp_10_7_10_7,hybrid_hs_ga_guided_mutation_hs150_ga850,1,94.98,100.0,74.89,100.0,"{""PROJECT_COMPLETION"": 100.0, ""Q2_DELIVERY_COMPLETION"": 99.99999899999999, ""Q3_DELIVERY_COMPLETION"": 100.0, ""Q5_DELIVERY_COMPLETION"": 100.0, ""Q6_DELIVERY_COMPLETION"": 100.0}",10929.6,104.0,104.0,True,0,1000,622,138,0.395733,True
msrcpsp_10_7_10_7,hybrid_hs_ga_guided_mutation_hs150_ga850,2,94.98,100.0,74.89,100.0,"{""PROJECT_COMPLETION"": 100.0, ""Q2_DELIVERY_COMPLETION"": 99.99999899999999, ""Q3_DELIVERY_COMPLETION"": 100.0, ""Q5_DELIVERY_COMPLETION"": 100.0, ""Q6_DELIVERY_COMPLETION"": 100.0}",10929.6,104.0,104.0,True,0,1000,470,138,0.406823,True
msrcpsp_10_7_10_7,hybrid_hs_ga_guided_mutation_hs150_ga850,3,94.98,100.0,74.89,100.0,"{""PROJECT_COMPLETION"": 100.0, ""Q2_DELIVERY_COMPLETION"": 99.99999899999999, ""Q3_DELIVERY_COMPLETION"": 100.0, ""Q5_DELIVERY_COMPLETION"": 100.0, ""Q6_DELIVERY_COMPLETION"": 100.0}",10929.6,104.0,104.0,True,0,1000,429,138,0.405197,True
msrcpsp_10_7_10_7,hybrid_hs_ga_guided_mutation_hs150_ga850,4,94.98,100.0,74.89,100.0,"{""PROJECT_COMPLETION"": 100.0, ""Q2_DELIVERY_COMPLETION"": 99.99999899999999, ""Q3_DELIVERY_COMPLETION"": 100.0, ""Q5_DELIVERY_COMPLETION"": 100.0, ""Q6_DELIVERY_COMPLETION"": 100.0}",10929.6,104.0,104.0,True,0,1000,567,138,0.400224,True
msrcpsp_10_7_10_7,hybrid_hs_ga_guided_mutation_hs150_ga850,5,94.98,100.0,74.89,100.0,"{""PROJECT_COMPLETION"": 100.0, ""Q2_DELIVERY_COMPLETION"": 99.99999899999999, ""Q3_DELIVERY_COMPLETION"": 100.0, ""Q5_DELIVERY_COMPLETION"": 100.0, ""Q6_DELIVERY_COMPLETION"": 100.0}",10929.6,104.0,104.0,True,0,1000,969,138,0.399542,True
msrcpsp_10_7_10_7,hybrid_hs_ga_guided_mutation_hs150_ga850,6,94.98,100.0,74.89,100.0,"{""PROJECT_COMPLETION"": 100.0, ""Q2_DELIVERY_COMPLETION"": 99.99999899999999, ""Q3_DELIVERY_COMPLETION"": 100.0, ""Q5_DELIVERY_COMPLETION"": 100.0, ""Q6_DELIVERY_COMPLETION"": 100.0}",10929.6,104.0,104.0,True,0,1000,574,138,0.391492,True
msrcpsp_10_7_10_7,hybrid_hs_ga_guided_mutation_hs150_ga850,7,94.98,100.0,74.89,100.0,"{""PROJECT_COMPLETION"": 100.0, ""Q2_DELIVERY_COMPLETION"": 99.99999899999999, ""Q3_DELIVERY_COMPLETION"": 100.0, ""Q5_DELIVERY_COMPLETION"": 100.0, ""Q6_DELIVERY_COMPLETION"": 100.0}",10929.6,104.0,104.0,True,0,1000,450,138,0.415781,True
msrcpsp_10_7_10_7,hybrid_hs_ga_guided_mutation_hs150_ga850,8,94.98,100.0,74.89,100.0,"{""PROJECT_COMPLETION"": 100.0, ""Q2_DELIVERY_COMPLETION"": 99.99999899999999, ""Q3_DELIVERY_COMPLETION"": 100.0, ""Q5_DELIVERY_COMPLETION"": 100.0, ""Q6_DELIVERY_COMPLETION"": 100.0}",10929.6,104.0,104.0,True,0,1000,681,138,0.408879,True
msrcpsp_10_7_10_7,hybrid_hs_ga_guided_mutation_hs150_ga850,9,94.71,100.0,73.55,100.0,"{""PROJECT_COMPLETION"": 100.0, ""Q2_DELIVERY_COMPLETION"": 99.99999899999999, ""Q3_DELIVERY_COMPLETION"": 100.0, ""Q5_DELIVERY_COMPLETION"": 100.0, ""Q6_DELIVERY_COMPLETION"": 100.0}",11092.4,104.0,104.0,True,0,1000,446,138,0.396797,True
msrcpsp_10_7_10_7,hybrid_hs_ga_guided_mutation_hs150_ga850,10,94.64,100.0,73.19,100.0,"{""PROJECT_COMPLETION"": 100.0, ""Q2_DELIVERY_COMPLETION"": 99.99999899999999, ""Q3_DELIVERY_COMPLETION"": 100.0, ""Q5_DELIVERY_COMPLETION"": 100.0, ""Q6_DELIVERY_COMPLETION"": 100.0}",11136.0,104.0,104.0,True,0,1000,320,138,0.386425,True
msrcpsp_10_7_10_7,hybrid_hs_ga_guided_mutation_hs150_ga850,11,94.95,100.0,74.74,100.0,"{""PROJECT_COMPLETION"": 100.0, ""Q2_DELIVERY_COMPLETION"": 99.99999899999999, ""Q3_DELIVERY_COMPLETION"": 100.0, ""Q5_DELIVERY_COMPLETION"": 100.0, ""Q6_DELIVERY_COMPLETION"": 100.0}",10948.0,104.0,104.0,True,0,1000,668,138,0.402738,True
msrcpsp_10_7_10_7,hybrid_hs_ga_guided_mutation_hs150_ga850,12,94.95,100.0,74.74,100.0,"{""PROJECT_COMPLETION"": 100.0, ""Q2_DELIVERY_COMPLETION"": 99.99999899999999, ""Q3_DELIVERY_COMPLETION"": 100.0, ""Q5_DELIVERY_COMPLETION"": 100.0, ""Q6_DELIVERY_COMPLETION"": 100.0}",10948.0,104.0,104.0,True,0,1000,291,138,0.441352,True
msrcpsp_10_7_10_7,hybrid_hs_ga_guided_mutation_hs150_ga850,13,94.64,100.0,73.19,100.0,"{""PROJECT_COMPLETION"": 100.0, ""Q2_DELIVERY_COMPLETION"": 99.99999899999999, ""Q3_DELIVERY_COMPLETION"": 100.0, ""Q5_DELIVERY_COMPLETION"": 100.0, ""Q6_DELIVERY_COMPLETION"": 100.0}",11136.0,104.0,104.0,True,0,1000,405,138,0.385395,True
msrcpsp_10_7_10_7,hybrid_hs_ga_guided_mutation_hs150_ga850,14,94.95,100.0,74.74,100.0,"{""PROJECT_COMPLETION"": 100.0, ""Q2_DELIVERY_COMPLETION"": 99.99999899999999, ""Q3_DELIVERY_COMPLETION"": 100.0, ""Q5_DELIVERY_COMPLETION"": 100.0, ""Q6_DELIVERY_COMPLETION"": 100.0}",10948.0,104.0,104.0,True,0,1000,584,138,0.396316,True
msrcpsp_10_7_10_7,hybrid_hs_ga_guided_mutation_hs150_ga850,15,94.64,100.0,73.19,100.0,"{""PROJECT_COMPLETION"": 100.0, ""Q2_DELIVERY_COMPLETION"": 99.99999899999999, ""Q3_DELIVERY_COMPLETION"": 100.0, ""Q5_DELIVERY_COMPLETION"": 100.0, ""Q6_DELIVERY_COMPLETION"": 100.0}",11136.0,104.0,104.0,True,0,1000,423,138,0.381263,True
msrcpsp_10_7_10_7,hybrid_hs_ga_guided_mutation_hs150_ga850,16,94.98,100.0,74.89,100.0,"{""PROJECT_COMPLETION"": 100.0, ""Q2_DELIVERY_COMPLETION"": 99.99999899999999, ""Q3_DELIVERY_COMPLETION"": 100.0, ""Q5_DELIVERY_COMPLETION"": 100.0, ""Q6_DELIVERY_COMPLETION"": 100.0}",10929.6,104.0,104.0,True,0,1000,952,138,0.395538,True
msrcpsp_10_7_10_7,hybrid_hs_ga_guided_mutation_hs150_ga850,17,94.95,100.0,74.74,100.0,"{""PROJECT_COMPLETION"": 100.0, ""Q2_DELIVERY_COMPLETION"": 99.99999899999999, ""Q3_DELIVERY_COMPLETION"": 100.0, ""Q5_DELIVERY_COMPLETION"": 100.0, ""Q6_DELIVERY_COMPLETION"": 100.0}",10948.0,104.0,104.0,True,0,1000,426,138,0.425276,True
msrcpsp_10_7_10_7,hybrid_hs_ga_guided_mutation_hs150_ga850,18,94.98,100.0,74.89,100.0,"{""PROJECT_COMPLETION"": 100.0, ""Q2_DELIVERY_COMPLETION"": 99.99999899999999, ""Q3_DELIVERY_COMPLETION"": 100.0, ""Q5_DELIVERY_COMPLETION"": 100.0, ""Q6_DELIVERY_COMPLETION"": 100.0}",10929.6,104.0,104.0,True,0,1000,485,138,0.394492,True
msrcpsp_10_7_10_7,hybrid_hs_ga_guided_mutation_hs150_ga850,19,94.98,100.0,74.89,100.0,"{""PROJECT_COMPLETION"": 100.0, ""Q2_DELIVERY_COMPLETION"": 99.99999899999999, ""Q3_DELIVERY_COMPLETION"": 100.0, ""Q5_DELIVERY_COMPLETION"": 100.0, ""Q6_DELIVERY_COMPLETION"": 100.0}",10929.6,104.0,104.0,True,0,1000,422,138,0.519983,True
msrcpsp_10_7_10_7,hybrid_hs_ga_guided_mutation_hs150_ga850,20,94.98,100.0,74.89,100.0,"{""PROJECT_COMPLETION"": 100.0, ""Q2_DELIVERY_COMPLETION"": 99.99999899999999, ""Q3_DELIVERY_COMPLETION"": 100.0, ""Q5_DELIVERY_COMPLETION"": 100.0, ""Q6_DELIVERY_COMPLETION"": 100.0}",10929.6,104.0,104.0,True,0,1000,701,138,0.392976,True
msrcpsp_10_7_10_7,hybrid_hs_ga_guided_mutation_hs150_ga850,21,94.22,100.0,72.77,99.05,"{""PROJECT_COMPLETION"": 100.0, ""Q2_DELIVERY_COMPLETION"": 99.99999899999999, ""Q3_DELIVERY_COMPLETION"": 100.0, ""Q5_DELIVERY_COMPLETION"": 100.0, ""Q6_DELIVERY_COMPLETION"": 100.0}",11187.6,104.0,105.0,True,0,1000,346,138,0.38937,True
msrcpsp_10_7_10_7,hybrid_hs_ga_guided_mutation_hs150_ga850,22,94.98,100.0,74.89,100.0,"{""PROJECT_COMPLETION"": 100.0, ""Q2_DELIVERY_COMPLETION"": 99.99999899999999, ""Q3_DELIVERY_COMPLETION"": 100.0, ""Q5_DELIVERY_COMPLETION"": 100.0, ""Q6_DELIVERY_COMPLETION"": 100.0}",10929.6,104.0,104.0,True,0,1000,398,138,0.395401,True
msrcpsp_10_7_10_7,hybrid_hs_ga_guided_mutation_hs150_ga850,23,94.98,100.0,74.89,100.0,"{""PROJECT_COMPLETION"": 100.0, ""Q2_DELIVERY_COMPLETION"": 99.99999899999999, ""Q3_DELIVERY_COMPLETION"": 100.0, ""Q5_DELIVERY_COMPLETION"": 100.0, ""Q6_DELIVERY_COMPLETION"": 100.0}",10929.6,104.0,104.0,True,0,1000,523,138,0.388693,True
msrcpsp_10_7_10_7,hybrid_hs_ga_guided_mutation_hs150_ga850,24,94.98,100.0,74.89,100.0,"{""PROJECT_COMPLETION"": 100.0, ""Q2_DELIVERY_COMPLETION"": 99.99999899999999, ""Q3_DELIVERY_COMPLETION"": 100.0, ""Q5_DELIVERY_COMPLETION"": 100.0, ""Q6_DELIVERY_COMPLETION"": 100.0}",10929.6,104.0,104.0,True,0,1000,861,138,0.396615,True
msrcpsp_10_7_10_7,hybrid_hs_ga_guided_mutation_hs150_ga850,25,94.98,100.0,74.89,100.0,"{""PROJECT_COMPLETION"": 100.0, ""Q2_DELIVERY_COMPLETION"": 99.99999899999999, ""Q3_DELIVERY_COMPLETION"": 100.0, ""Q5_DELIVERY_COMPLETION"": 100.0, ""Q6_DELIVERY_COMPLETION"": 100.0}",10929.6,104.0,104.0,True,0,1000,521,138,0.390439,True
msrcpsp_10_7_10_7,hybrid_hs_ga_guided_mutation_hs150_ga850,26,94.64,100.0,73.19,100.0,"{""PROJECT_COMPLETION"": 100.0, ""Q2_DELIVERY_COMPLETION"": 99.99999899999999, ""Q3_DELIVERY_COMPLETION"": 100.0, ""Q5_DELIVERY_COMPLETION"": 100.0, ""Q6_DELIVERY_COMPLETION"": 100.0}",11136.0,104.0,104.0,True,0,1000,375,138,0.381849,True
msrcpsp_10_7_10_7,hybrid_hs_ga_guided_mutation_hs150_ga850,27,94.66,100.0,78.21,97.2,"{""PROJECT_COMPLETION"": 100.0, ""Q2_DELIVERY_COMPLETION"": 99.99999899999999, ""Q3_DELIVERY_COMPLETION"": 100.0, ""Q5_DELIVERY_COMPLETION"": 100.0, ""Q6_DELIVERY_COMPLETION"": 100.0}",10524.8,104.0,107.0,True,0,1000,957,138,0.381065,True
msrcpsp_10_7_10_7,hybrid_hs_ga_guided_mutation_hs150_ga850,28,94.98,100.0,74.89,100.0,"{""PROJECT_COMPLETION"": 100.0, ""Q2_DELIVERY_COMPLETION"": 99.99999899999999, ""Q3_DELIVERY_COMPLETION"": 100.0, ""Q5_DELIVERY_COMPLETION"": 100.0, ""Q6_DELIVERY_COMPLETION"": 100.0}",10929.6,104.0,104.0,True,0,1000,533,138,0.387935,False
msrcpsp_10_7_10_7,hybrid_hs_ga_guided_mutation_hs150_ga850,29,94.49,100.0,74.11,99.05,"{""PROJECT_COMPLETION"": 100.0, ""Q2_DELIVERY_COMPLETION"": 99.99999899999999, ""Q3_DELIVERY_COMPLETION"": 100.0, ""Q5_DELIVERY_COMPLETION"": 100.0, ""Q6_DELIVERY_COMPLETION"": 100.0}",11024.8,104.0,105.0,True,0,1000,372,138,0.38965,True
msrcpsp_10_7_10_7,hybrid_hs_ga_guided_mutation_hs150_ga850,30,94.64,100.0,73.19,100.0,"{""PROJECT_COMPLETION"": 100.0, ""Q2_DELIVERY_COMPLETION"": 99.99999899999999, ""Q3_DELIVERY_COMPLETION"": 100.0, ""Q5_DELIVERY_COMPLETION"": 100.0, ""Q6_DELIVERY_COMPLETION"": 100.0}",11136.0,104.0,104.0,True,0,1000,386,138,0.394715,True
msrcpsp_15_3_5_3,hybrid_hs_ga_guided_mutation_hs150_ga850,1,77.07,93.88,86.64,50.0,"{""PROJECT_COMPLETION"": 91.11111566666666, ""Q0_DELIVERY_COMPLETION"": 99.99999899999999, ""Q1_DELIVERY_COMPLETION"": 99.99999899999999, ""Q2_DELIVERY_COMPLETION"": 85.18518433333332}",7127.7,88.0,176.0,True,0,1000,577,138,0.521308,True
msrcpsp_15_3_5_3,hybrid_hs_ga_guided_mutation_hs150_ga850,2,76.51,95.41,82.31,48.89,"{""PROJECT_COMPLETION"": 93.333338, ""Q0_DELIVERY_COMPLETION"": 99.99999899999999, ""Q1_DELIVERY_COMPLETION"": 99.99999899999999, ""Q2_DELIVERY_COMPLETION"": 88.88888799999998}",8011.4,88.0,180.0,True,0,1000,269,138,0.487892,True
msrcpsp_15_3_5_3,hybrid_hs_ga_guided_mutation_hs150_ga850,3,76.88,93.88,92.99,45.83,"{""PROJECT_COMPLETION"": 91.11111566666666, ""Q0_DELIVERY_COMPLETION"": 99.99999899999999, ""Q1_DELIVERY_COMPLETION"": 99.99999899999999, ""Q2_DELIVERY_COMPLETION"": 85.18518433333332}",5831.3,88.0,192.0,True,0,1000,365,138,0.492432,True
msrcpsp_15_3_5_3,hybrid_hs_ga_guided_mutation_hs150_ga850,4,76.88,93.88,92.99,45.83,"{""PROJECT_COMPLETION"": 91.11111566666666, ""Q0_DELIVERY_COMPLETION"": 99.99999899999999, ""Q1_DELIVERY_COMPLETION"": 99.99999899999999, ""Q2_DELIVERY_COMPLETION"": 85.18518433333332}",5831.3,88.0,192.0,True,0,1000,951,138,0.496157,False
msrcpsp_15_3_5_3,hybrid_hs_ga_guided_mutation_hs150_ga850,5,78.16,93.88,67.96,63.77,"{""PROJECT_COMPLETION"": 91.11111566666666, ""Q0_DELIVERY_COMPLETION"": 99.99999899999999, ""Q1_DELIVERY_COMPLETION"": 99.99999899999999, ""Q2_DELIVERY_COMPLETION"": 85.18518433333331}",10937.9,88.0,138.0,True,0,1000,905,138,0.488364,True
msrcpsp_15_3_5_3,hybrid_hs_ga_guided_mutation_hs150_ga850,6,76.88,93.88,92.99,45.83,"{""PROJECT_COMPLETION"": 91.11111566666666, ""Q0_DELIVERY_COMPLETION"": 99.99999899999999, ""Q1_DELIVERY_COMPLETION"": 99.99999899999999, ""Q2_DELIVERY_COMPLETION"": 85.18518433333332}",5831.3,88.0,192.0,True,0,1000,500,138,0.491101,True
msrcpsp_15_3_5_3,hybrid_hs_ga_guided_mutation_hs150_ga850,7,77.51,92.35,68.19,63.77,"{""PROJECT_COMPLETION"": 88.88889333333333, ""Q0_DELIVERY_COMPLETION"": 99.99999899999999, ""Q1_DELIVERY_COMPLETION"": 99.99999899999999, ""Q2_DELIVERY_COMPLETION"": 81.48148066666664}",10891.1,88.0,138.0,True,0,1000,194,138,0.50387,True
msrcpsp_15_3_5_3,hybrid_hs_ga_guided_mutation_hs150_ga850,8,76.84,93.88,83.42,51.16,"{""PROJECT_COMPLETION"": 91.11111566666666, ""Q0_DELIVERY_COMPLETION"": 99.99999899999999, ""Q1_DELIVERY_COMPLETION"": 99.99999899999999, ""Q2_DELIVERY_COMPLETION"": 85.18518433333332}",7784.1,88.0,172.0,True,0,1000,335,138,0.501871,True
msrcpsp_15_3_5_3,hybrid_hs_ga_guided_mutation_hs150_ga850,9,78.2,93.88,68.19,63.77,"{""PROJECT_COMPLETION"": 91.11111566666666, ""Q0_DELIVERY_COMPLETION"": 99.99999899999999, ""Q1_DELIVERY_COMPLETION"": 99.99999899999999, ""Q2_DELIVERY_COMPLETION"": 85.18518433333331}",10891.1,88.0,138.0,True,0,1000,814,138,0.493108,True
msrcpsp_15_3_5_3,hybrid_hs_ga_guided_mutation_hs150_ga850,10,77.07,93.88,86.64,50.0,"{""PROJECT_COMPLETION"": 91.11111566666666, ""Q0_DELIVERY_COMPLETION"": 99.99999899999999, ""Q1_DELIVERY_COMPLETION"": 99.99999899999999, ""Q2_DELIVERY_COMPLETION"": 85.18518433333332}",7127.7,88.0,176.0,True,0,1000,806,138,0.485101,True
msrcpsp_15_3_5_3,hybrid_hs_ga_guided_mutation_hs150_ga850,11,76.5,96.94,89.61,42.72,"{""PROJECT_COMPLETION"": 95.55556033333333, ""Q0_DELIVERY_COMPLETION"": 99.99999899999999, ""Q1_DELIVERY_COMPLETION"": 99.99999899999999, ""Q2_DELIVERY_COMPLETION"": 92.59259166666665}",6521.1,88.0,206.0,True,0,1000,378,138,0.486356,True
msrcpsp_15_3_5_3,hybrid_hs_ga_guided_mutation_hs150_ga850,12,77.07,93.88,86.64,50.0,"{""PROJECT_COMPLETION"": 91.11111566666666, ""Q0_DELIVERY_COMPLETION"": 99.99999899999999, ""Q1_DELIVERY_COMPLETION"": 99.99999899999999, ""Q2_DELIVERY_COMPLETION"": 85.18518433333332}",7127.7,88.0,176.0,True,0,1000,375,138,0.486557,True
msrcpsp_15_3_5_3,hybrid_hs_ga_guided_mutation_hs150_ga850,13,77.17,92.35,62.26,66.17,"{""PROJECT_COMPLETION"": 88.88889333333334, ""Q0_DELIVERY_COMPLETION"": 99.99999899999999, ""Q1_DELIVERY_COMPLETION"": 99.99999899999999, ""Q2_DELIVERY_COMPLETION"": 81.48148066666664}",12101.2,88.0,133.0,True,0,1000,764,138,0.523199,True
msrcpsp_15_3_5_3,hybrid_hs_ga_guided_mutation_hs150_ga850,14,78.2,93.88,68.19,63.77,"{""PROJECT_COMPLETION"": 91.11111566666666, ""Q0_DELIVERY_COMPLETION"": 99.99999899999999, ""Q1_DELIVERY_COMPLETION"": 99.99999899999999, ""Q2_DELIVERY_COMPLETION"": 85.18518433333331}",10891.1,88.0,138.0,True,0,1000,556,138,0.496728,True
msrcpsp_15_3_5_3,hybrid_hs_ga_guided_mutation_hs150_ga850,15,77.34,95.41,58.81,64.71,"{""PROJECT_COMPLETION"": 93.333338, ""Q0_DELIVERY_COMPLETION"": 99.99999899999999, ""Q1_DELIVERY_COMPLETION"": 99.99999899999999, ""Q2_DELIVERY_COMPLETION"": 88.88888799999998}",12805.6,88.0,136.0,True,0,1000,939,138,0.488408,True
msrcpsp_15_3_5_3,hybrid_hs_ga_guided_mutation_hs150_ga850,16,77.07,93.88,86.64,50.0,"{""PROJECT_COMPLETION"": 91.11111566666666, ""Q0_DELIVERY_COMPLETION"": 99.99999899999999, ""Q1_DELIVERY_COMPLETION"": 99.99999899999999, ""Q2_DELIVERY_COMPLETION"": 85.18518433333332}",7127.7,88.0,176.0,True,0,1000,453,138,0.485443,True
msrcpsp_15_3_5_3,hybrid_hs_ga_guided_mutation_hs150_ga850,17,78.2,93.88,68.19,63.77,"{""PROJECT_COMPLETION"": 91.11111566666666, ""Q0_DELIVERY_COMPLETION"": 99.99999899999999, ""Q1_DELIVERY_COMPLETION"": 99.99999899999999, ""Q2_DELIVERY_COMPLETION"": 85.18518433333331}",10891.1,88.0,138.0,True,0,1000,514,138,0.491448,True
msrcpsp_15_3_5_3,hybrid_hs_ga_guided_mutation_hs150_ga850,18,77.24,93.88,70.95,59.46,"{""PROJECT_COMPLETION"": 91.11111566666666, ""Q0_DELIVERY_COMPLETION"": 99.99999899999999, ""Q1_DELIVERY_COMPLETION"": 99.99999899999999, ""Q2_DELIVERY_COMPLETION"": 85.18518433333331}",10329.5,88.0,148.0,True,0,1000,224,138,0.496945,True
msrcpsp_15_3_5_3,hybrid_hs_ga_guided_mutation_hs150_ga850,19,78.2,93.88,68.19,63.77,"{""PROJECT_COMPLETION"": 91.11111566666666, ""Q0_DELIVERY_COMPLETION"": 99.99999899999999, ""Q1_DELIVERY_COMPLETION"": 99.99999899999999, ""Q2_DELIVERY_COMPLETION"": 85.18518433333331}",10891.1,88.0,138.0,True,0,1000,555,138,0.490422,True
msrcpsp_15_3_5_3,hybrid_hs_ga_guided_mutation_hs150_ga850,20,76.78,93.88,83.15,51.16,"{""PROJECT_COMPLETION"": 91.11111566666666, ""Q0_DELIVERY_COMPLETION"": 99.99999899999999, ""Q1_DELIVERY_COMPLETION"": 99.99999899999999, ""Q2_DELIVERY_COMPLETION"": 85.18518433333332}",7838.8,88.0,172.0,True,0,1000,891,138,0.50945,True
msrcpsp_15_3_5_3,hybrid_hs_ga_guided_mutation_hs150_ga850,21,76.88,93.88,92.99,45.83,"{""PROJECT_COMPLETION"": 91.11111566666666, ""Q0_DELIVERY_COMPLETION"": 99.99999899999999, ""Q1_DELIVERY_COMPLETION"": 99.99999899999999, ""Q2_DELIVERY_COMPLETION"": 85.18518433333332}",5831.3,88.0,192.0,True,0,1000,621,138,0.495441,True
msrcpsp_15_3_5_3,hybrid_hs_ga_guided_mutation_hs150_ga850,22,77.53,90.81,63.94,68.22,"{""PROJECT_COMPLETION"": 86.666671, ""Q0_DELIVERY_COMPLETION"": 99.99999899999999, ""Q1_DELIVERY_COMPLETION"": 99.99999899999999, ""Q2_DELIVERY_COMPLETION"": 77.77777699999997}",11757.8,88.0,129.0,True,0,1000,438,138,0.513294,True
msrcpsp_15_3_5_3,hybrid_hs_ga_guided_mutation_hs150_ga850,23,78.16,93.88,67.96,63.77,"{""PROJECT_COMPLETION"": 91.11111566666666, ""Q0_DELIVERY_COMPLETION"": 99.99999899999999, ""Q1_DELIVERY_COMPLETION"": 99.99999899999999, ""Q2_DELIVERY_COMPLETION"": 85.18518433333331}",10937.9,88.0,138.0,True,0,1000,599,138,0.493469,True
msrcpsp_15_3_5_3,hybrid_hs_ga_guided_mutation_hs150_ga850,24,78.2,93.88,68.19,63.77,"{""PROJECT_COMPLETION"": 91.11111566666666, ""Q0_DELIVERY_COMPLETION"": 99.99999899999999, ""Q1_DELIVERY_COMPLETION"": 99.99999899999999, ""Q2_DELIVERY_COMPLETION"": 85.18518433333331}",10891.1,88.0,138.0,True,0,1000,568,138,0.499959,True
msrcpsp_15_3_5_3,hybrid_hs_ga_guided_mutation_hs150_ga850,25,76.8,93.88,92.57,45.83,"{""PROJECT_COMPLETION"": 91.11111566666666, ""Q0_DELIVERY_COMPLETION"": 99.99999899999999, ""Q1_DELIVERY_COMPLETION"": 99.99999899999999, ""Q2_DELIVERY_COMPLETION"": 85.18518433333332}",5918.2,88.0,192.0,True,0,1000,448,138,0.488926,True
msrcpsp_15_3_5_3,hybrid_hs_ga_guided_mutation_hs150_ga850,26,76.5,96.94,89.61,42.72,"{""PROJECT_COMPLETION"": 95.55556033333333, ""Q0_DELIVERY_COMPLETION"": 99.99999899999999, ""Q1_DELIVERY_COMPLETION"": 99.99999899999999, ""Q2_DELIVERY_COMPLETION"": 92.59259166666665}",6521.1,88.0,206.0,True,0,1000,378,138,0.493639,True
msrcpsp_15_3_5_3,hybrid_hs_ga_guided_mutation_hs150_ga850,27,77.08,92.35,72.86,59.86,"{""PROJECT_COMPLETION"": 88.88889333333333, ""Q0_DELIVERY_COMPLETION"": 99.99999899999999, ""Q1_DELIVERY_COMPLETION"": 99.99999899999999, ""Q2_DELIVERY_COMPLETION"": 81.48148066666666}",9938.7,88.0,147.0,True,0,1000,474,138,0.524469,True
msrcpsp_15_3_5_3,hybrid_hs_ga_guided_mutation_hs150_ga850,28,78.2,93.88,68.19,63.77,"{""PROJECT_COMPLETION"": 91.11111566666666, ""Q0_DELIVERY_COMPLETION"": 99.99999899999999, ""Q1_DELIVERY_COMPLETION"": 99.99999899999999, ""Q2_DELIVERY_COMPLETION"": 85.18518433333331}",10891.1,88.0,138.0,True,0,1000,539,138,0.487039,True
msrcpsp_15_3_5_3,hybrid_hs_ga_guided_mutation_hs150_ga850,29,77.51,92.35,68.19,63.77,"{""PROJECT_COMPLETION"": 88.88889333333333, ""Q0_DELIVERY_COMPLETION"": 99.99999899999999, ""Q1_DELIVERY_COMPLETION"": 99.99999899999999, ""Q2_DELIVERY_COMPLETION"": 81.48148066666664}",10891.1,88.0,138.0,True,0,1000,317,138,0.510583,True
msrcpsp_15_3_5_3,hybrid_hs_ga_guided_mutation_hs150_ga850,30,77.51,92.35,68.19,63.77,"{""PROJECT_COMPLETION"": 88.88889333333333, ""Q0_DELIVERY_COMPLETION"": 99.99999899999999, ""Q1_DELIVERY_COMPLETION"": 99.99999899999999, ""Q2_DELIVERY_COMPLETION"": 81.48148066666664}",10891.1,88.0,138.0,True,0,1000,433,138,0.503119,True
msrcpsp_15_6_10_6,hybrid_hs_ga_guided_mutation_hs150_ga850,1,93.37,100.0,66.84,100.0,"{""PROJECT_COMPLETION"": 100.00004999999996, ""Q0_DELIVERY_COMPLETION"": 100.0, ""Q2_DELIVERY_COMPLETION"": 100.0, ""Q3_DELIVERY_COMPLETION"": 100.0, ""Q4_DELIVERY_COMPLETION"": 99.99999, ""Q5_DELIVERY_COMPLETION"": 100.0, ""Q7_DELIVERY_COMPLETION"": 100.0, ""Q8_DELIVERY_COMPLETION"": 100.0}",12632.8,102.0,102.0,True,0,1000,649,138,0.56873,True
msrcpsp_15_6_10_6,hybrid_hs_ga_guided_mutation_hs150_ga850,2,93.84,100.0,72.57,98.08,"{""PROJECT_COMPLETION"": 100.00004999999996, ""Q0_DELIVERY_COMPLETION"": 100.0, ""Q2_DELIVERY_COMPLETION"": 100.0, ""Q3_DELIVERY_COMPLETION"": 100.0, ""Q4_DELIVERY_COMPLETION"": 99.99999, ""Q5_DELIVERY_COMPLETION"": 100.0, ""Q7_DELIVERY_COMPLETION"": 100.0, ""Q8_DELIVERY_COMPLETION"": 100.0}",11088.0,102.0,104.0,True,0,1000,699,138,0.7396,True
msrcpsp_15_6_10_6,hybrid_hs_ga_guided_mutation_hs150_ga850,3,94.08,100.0,70.4,100.0,"{""PROJECT_COMPLETION"": 100.00004999999996, ""Q0_DELIVERY_COMPLETION"": 100.0, ""Q2_DELIVERY_COMPLETION"": 100.0, ""Q3_DELIVERY_COMPLETION"": 100.0, ""Q4_DELIVERY_COMPLETION"": 99.99999, ""Q5_DELIVERY_COMPLETION"": 100.0, ""Q7_DELIVERY_COMPLETION"": 100.0, ""Q8_DELIVERY_COMPLETION"": 100.0}",11671.6,102.0,102.0,True,0,1000,943,138,0.573728,True
msrcpsp_15_6_10_6,hybrid_hs_ga_guided_mutation_hs150_ga850,4,94.98,100.0,74.92,100.0,"{""PROJECT_COMPLETION"": 100.00004999999996, ""Q0_DELIVERY_COMPLETION"": 100.0, ""Q2_DELIVERY_COMPLETION"": 100.0, ""Q3_DELIVERY_COMPLETION"": 100.0, ""Q4_DELIVERY_COMPLETION"": 99.99999, ""Q5_DELIVERY_COMPLETION"": 100.0, ""Q7_DELIVERY_COMPLETION"": 100.0, ""Q8_DELIVERY_COMPLETION"": 100.0}",10453.5,102.0,102.0,True,0,1000,933,138,0.566227,True
msrcpsp_15_6_10_6,hybrid_hs_ga_guided_mutation_hs150_ga850,5,94.98,100.0,74.92,100.0,"{""PROJECT_COMPLETION"": 100.00004999999996, ""Q0_DELIVERY_COMPLETION"": 100.0, ""Q2_DELIVERY_COMPLETION"": 100.0, ""Q3_DELIVERY_COMPLETION"": 100.0, ""Q4_DELIVERY_COMPLETION"": 99.99999, ""Q5_DELIVERY_COMPLETION"": 100.0, ""Q7_DELIVERY_COMPLETION"": 100.0, ""Q8_DELIVERY_COMPLETION"": 100.0}",10453.5,102.0,102.0,True,0,1000,933,138,0.574759,True
msrcpsp_15_6_10_6,hybrid_hs_ga_guided_mutation_hs150_ga850,6,92.71,100.0,66.94,98.08,"{""PROJECT_COMPLETION"": 100.00004999999996, ""Q0_DELIVERY_COMPLETION"": 100.0, ""Q2_DELIVERY_COMPLETION"": 100.0, ""Q3_DELIVERY_COMPLETION"": 100.0, ""Q4_DELIVERY_COMPLETION"": 99.99999, ""Q5_DELIVERY_COMPLETION"": 100.0, ""Q7_DELIVERY_COMPLETION"": 100.0, ""Q8_DELIVERY_COMPLETION"": 100.0}",12606.3,102.0,104.0,True,0,1000,709,138,0.575481,True
msrcpsp_15_6_10_6,hybrid_hs_ga_guided_mutation_hs150_ga850,7,94.36,100.0,75.19,98.08,"{""PROJECT_COMPLETION"": 100.00004999999996, ""Q0_DELIVERY_COMPLETION"": 100.0, ""Q2_DELIVERY_COMPLETION"": 100.0, ""Q3_DELIVERY_COMPLETION"": 100.0, ""Q4_DELIVERY_COMPLETION"": 99.99999, ""Q5_DELIVERY_COMPLETION"": 100.0, ""Q7_DELIVERY_COMPLETION"": 100.0, ""Q8_DELIVERY_COMPLETION"": 100.0}",10381.5,102.0,104.0,True,0,1000,993,138,0.598147,True
msrcpsp_15_6_10_6,hybrid_hs_ga_guided_mutation_hs150_ga850,8,93.73,100.0,68.63,100.0,"{""PROJECT_COMPLETION"": 100.00004999999996, ""Q0_DELIVERY_COMPLETION"": 100.0, ""Q2_DELIVERY_COMPLETION"": 100.0, ""Q3_DELIVERY_COMPLETION"": 100.0, ""Q4_DELIVERY_COMPLETION"": 99.99999, ""Q5_DELIVERY_COMPLETION"": 100.0, ""Q7_DELIVERY_COMPLETION"": 100.0, ""Q8_DELIVERY_COMPLETION"": 100.0}",12151.4,102.0,102.0,True,0,1000,893,138,0.577415,True
msrcpsp_15_6_10_6,hybrid_hs_ga_guided_mutation_hs150_ga850,9,93.9,100.0,69.49,100.0,"{""PROJECT_COMPLETION"": 100.00004999999996, ""Q0_DELIVERY_COMPLETION"": 100.0, ""Q2_DELIVERY_COMPLETION"": 100.0, ""Q3_DELIVERY_COMPLETION"": 100.0, ""Q4_DELIVERY_COMPLETION"": 99.99999, ""Q5_DELIVERY_COMPLETION"": 100.0, ""Q7_DELIVERY_COMPLETION"": 100.0, ""Q8_DELIVERY_COMPLETION"": 100.0}",11919.0,102.0,102.0,True,0,1000,476,138,0.576767,True
msrcpsp_15_6_10_6,hybrid_hs_ga_guided_mutation_hs150_ga850,10,92.24,100.0,64.57,98.08,"{""PROJECT_COMPLETION"": 100.00004999999996, ""Q0_DELIVERY_COMPLETION"": 100.0, ""Q2_DELIVERY_COMPLETION"": 100.0, ""Q3_DELIVERY_COMPLETION"": 100.0, ""Q4_DELIVERY_COMPLETION"": 99.99999, ""Q5_DELIVERY_COMPLETION"": 100.0, ""Q7_DELIVERY_COMPLETION"": 100.0, ""Q8_DELIVERY_COMPLETION"": 100.0}",13246.1,102.0,104.0,True,0,1000,810,138,0.584511,True
msrcpsp_15_6_10_6,hybrid_hs_ga_guided_mutation_hs150_ga850,11,93.7,100.0,68.51,100.0,"{""PROJECT_COMPLETION"": 100.00004999999996, ""Q0_DELIVERY_COMPLETION"": 100.0, ""Q2_DELIVERY_COMPLETION"": 100.0, ""Q3_DELIVERY_COMPLETION"": 100.0, ""Q4_DELIVERY_COMPLETION"": 99.99999, ""Q5_DELIVERY_COMPLETION"": 100.0, ""Q7_DELIVERY_COMPLETION"": 100.0, ""Q8_DELIVERY_COMPLETION"": 100.0}",12181.9,102.0,102.0,True,0,1000,605,138,0.570726,True
msrcpsp_15_6_10_6,hybrid_hs_ga_guided_mutation_hs150_ga850,12,93.86,100.0,69.29,100.0,"{""PROJECT_COMPLETION"": 100.00004999999996, ""Q0_DELIVERY_COMPLETION"": 100.0, ""Q2_DELIVERY_COMPLETION"": 100.0, ""Q3_DELIVERY_COMPLETION"": 100.0, ""Q4_DELIVERY_COMPLETION"": 99.99999, ""Q5_DELIVERY_COMPLETION"": 100.0, ""Q7_DELIVERY_COMPLETION"": 100.0, ""Q8_DELIVERY_COMPLETION"": 100.0}",11971.8,102.0,102.0,True,0,1000,765,138,0.597975,True
msrcpsp_15_6_10_6,hybrid_hs_ga_guided_mutation_hs150_ga850,13,94.85,100.0,74.26,100.0,"{""PROJECT_COMPLETION"": 100.00004999999996, ""Q0_DELIVERY_COMPLETION"": 100.0, ""Q2_DELIVERY_COMPLETION"": 100.0, ""Q3_DELIVERY_COMPLETION"": 100.0, ""Q4_DELIVERY_COMPLETION"": 99.99999, ""Q5_DELIVERY_COMPLETION"": 100.0, ""Q7_DELIVERY_COMPLETION"": 100.0, ""Q8_DELIVERY_COMPLETION"": 100.0}",10633.1,102.0,102.0,True,0,1000,811,138,0.591754,True
msrcpsp_15_6_10_6,hybrid_hs_ga_guided_mutation_hs150_ga850,14,93.9,100.0,69.49,100.0,"{""PROJECT_COMPLETION"": 100.00004999999996, ""Q0_DELIVERY_COMPLETION"": 100.0, ""Q2_DELIVERY_COMPLETION"": 100.0, ""Q3_DELIVERY_COMPLETION"": 100.0, ""Q4_DELIVERY_COMPLETION"": 99.99999, ""Q5_DELIVERY_COMPLETION"": 100.0, ""Q7_DELIVERY_COMPLETION"": 100.0, ""Q8_DELIVERY_COMPLETION"": 100.0}",11919.0,102.0,102.0,True,0,1000,707,138,0.583621,True
msrcpsp_15_6_10_6,hybrid_hs_ga_guided_mutation_hs150_ga850,15,91.24,94.44,68.68,100.0,"{""PROJECT_COMPLETION"": 95.5556033333333, ""Q0_DELIVERY_COMPLETION"": 100.0, ""Q2_DELIVERY_COMPLETION"": 100.0, ""Q3_DELIVERY_COMPLETION"": 33.33333333333333, ""Q4_DELIVERY_COMPLETION"": 99.99999, ""Q5_DELIVERY_COMPLETION"": 100.0, ""Q7_DELIVERY_COMPLETION"": 100.0, ""Q8_DELIVERY_COMPLETION"": 100.0}",12136.2,102.0,102.0,True,0,1000,867,138,0.580269,True
msrcpsp_15_6_10_6,hybrid_hs_ga_guided_mutation_hs150_ga850,16,93.92,100.0,69.6,100.0,"{""PROJECT_COMPLETION"": 100.00004999999996, ""Q0_DELIVERY_COMPLETION"": 100.0, ""Q2_DELIVERY_COMPLETION"": 100.0, ""Q3_DELIVERY_COMPLETION"": 100.0, ""Q4_DELIVERY_COMPLETION"": 99.99999, ""Q5_DELIVERY_COMPLETION"": 100.0, ""Q7_DELIVERY_COMPLETION"": 100.0, ""Q8_DELIVERY_COMPLETION"": 100.0}",11888.8,102.0,102.0,True,0,1000,435,138,0.571103,True
msrcpsp_15_6_10_6,hybrid_hs_ga_guided_mutation_hs150_ga850,17,94.98,100.0,74.92,100.0,"{""PROJECT_COMPLETION"": 100.00004999999996, ""Q0_DELIVERY_COMPLETION"": 100.0, ""Q2_DELIVERY_COMPLETION"": 100.0, ""Q3_DELIVERY_COMPLETION"": 100.0, ""Q4_DELIVERY_COMPLETION"": 99.99999, ""Q5_DELIVERY_COMPLETION"": 100.0, ""Q7_DELIVERY_COMPLETION"": 100.0, ""Q8_DELIVERY_COMPLETION"": 100.0}",10453.5,102.0,102.0,True,0,1000,650,138,0.580898,True
msrcpsp_15_6_10_6,hybrid_hs_ga_guided_mutation_hs150_ga850,18,93.37,100.0,66.84,100.0,"{""PROJECT_COMPLETION"": 100.00004999999996, ""Q0_DELIVERY_COMPLETION"": 100.0, ""Q2_DELIVERY_COMPLETION"": 100.0, ""Q3_DELIVERY_COMPLETION"": 100.0, ""Q4_DELIVERY_COMPLETION"": 99.99999, ""Q5_DELIVERY_COMPLETION"": 100.0, ""Q7_DELIVERY_COMPLETION"": 100.0, ""Q8_DELIVERY_COMPLETION"": 100.0}",12632.8,102.0,102.0,True,0,1000,452,138,0.608532,True
msrcpsp_15_6_10_6,hybrid_hs_ga_guided_mutation_hs150_ga850,19,95.01,100.0,75.04,100.0,"{""PROJECT_COMPLETION"": 100.00004999999996, ""Q0_DELIVERY_COMPLETION"": 100.0, ""Q2_DELIVERY_COMPLETION"": 100.0, ""Q3_DELIVERY_COMPLETION"": 100.0, ""Q4_DELIVERY_COMPLETION"": 99.99999, ""Q5_DELIVERY_COMPLETION"": 100.0, ""Q7_DELIVERY_COMPLETION"": 100.0, ""Q8_DELIVERY_COMPLETION"": 100.0}",10422.3,102.0,102.0,True,0,1000,784,138,0.586021,True
msrcpsp_15_6_10_6,hybrid_hs_ga_guided_mutation_hs150_ga850,20,89.85,94.44,69.91,95.33,"{""PROJECT_COMPLETION"": 95.5556033333333, ""Q0_DELIVERY_COMPLETION"": 100.0, ""Q2_DELIVERY_COMPLETION"": 100.0, ""Q3_DELIVERY_COMPLETION"": 33.33333333333333, ""Q4_DELIVERY_COMPLETION"": 99.99999, ""Q5_DELIVERY_COMPLETION"": 100.0, ""Q7_DELIVERY_COMPLETION"": 100.0, ""Q8_DELIVERY_COMPLETION"": 100.0}",11804.4,102.0,107.0,True,0,1000,616,138,0.591827,True
msrcpsp_15_6_10_6,hybrid_hs_ga_guided_mutation_hs150_ga850,21,94.97,100.0,74.84,100.0,"{""PROJECT_COMPLETION"": 100.00004999999996, ""Q0_DELIVERY_COMPLETION"": 100.0, ""Q2_DELIVERY_COMPLETION"": 100.0, ""Q3_DELIVERY_COMPLETION"": 100.0, ""Q4_DELIVERY_COMPLETION"": 99.99999, ""Q5_DELIVERY_COMPLETION"": 100.0, ""Q7_DELIVERY_COMPLETION"": 100.0, ""Q8_DELIVERY_COMPLETION"": 100.0}",10475.1,102.0,102.0,True,0,1000,852,138,0.583973,True
msrcpsp_15_6_10_6,hybrid_hs_ga_guided_mutation_hs150_ga850,22,94.01,100.0,73.43,98.08,"{""PROJECT_COMPLETION"": 100.00004999999996, ""Q0_DELIVERY_COMPLETION"": 100.0, ""Q2_DELIVERY_COMPLETION"": 100.0, ""Q3_DELIVERY_COMPLETION"": 100.0, ""Q4_DELIVERY_COMPLETION"": 99.99999, ""Q5_DELIVERY_COMPLETION"": 100.0, ""Q7_DELIVERY_COMPLETION"": 100.0, ""Q8_DELIVERY_COMPLETION"": 100.0}",10855.6,102.0,104.0,True,0,1000,721,138,0.586723,True
msrcpsp_15_6_10_6,hybrid_hs_ga_guided_mutation_hs150_ga850,23,94.43,100.0,72.16,100.0,"{""PROJECT_COMPLETION"": 100.00004999999996, ""Q0_DELIVERY_COMPLETION"": 100.0, ""Q2_DELIVERY_COMPLETION"": 100.0, ""Q3_DELIVERY_COMPLETION"": 100.0, ""Q4_DELIVERY_COMPLETION"": 99.99999, ""Q5_DELIVERY_COMPLETION"": 100.0, ""Q7_DELIVERY_COMPLETION"": 100.0, ""Q8_DELIVERY_COMPLETION"": 100.0}",11197.5,102.0,102.0,True,0,1000,519,138,0.586402,True
msrcpsp_15_6_10_6,hybrid_hs_ga_guided_mutation_hs150_ga850,24,93.92,100.0,69.6,100.0,"{""PROJECT_COMPLETION"": 100.00004999999996, ""Q0_DELIVERY_COMPLETION"": 100.0, ""Q2_DELIVERY_COMPLETION"": 100.0, ""Q3_DELIVERY_COMPLETION"": 100.0, ""Q4_DELIVERY_COMPLETION"": 99.99999, ""Q5_DELIVERY_COMPLETION"": 100.0, ""Q7_DELIVERY_COMPLETION"": 100.0, ""Q8_DELIVERY_COMPLETION"": 100.0}",11888.8,102.0,102.0,True,0,1000,613,138,0.589172,True
msrcpsp_15_6_10_6,hybrid_hs_ga_guided_mutation_hs150_ga850,25,93.29,100.0,66.44,100.0,"{""PROJECT_COMPLETION"": 100.00004999999996, ""Q0_DELIVERY_COMPLETION"": 100.0, ""Q2_DELIVERY_COMPLETION"": 100.0, ""Q3_DELIVERY_COMPLETION"": 100.0, ""Q4_DELIVERY_COMPLETION"": 99.99999, ""Q5_DELIVERY_COMPLETION"": 100.0, ""Q7_DELIVERY_COMPLETION"": 100.0, ""Q8_DELIVERY_COMPLETION"": 100.0}",12741.1,102.0,102.0,True,0,1000,859,138,0.573752,True
msrcpsp_15_6_10_6,hybrid_hs_ga_guided_mutation_hs150_ga850,26,92.94,100.0,64.68,100.0,"{""PROJECT_COMPLETION"": 100.00004999999996, ""Q0_DELIVERY_COMPLETION"": 100.0, ""Q2_DELIVERY_COMPLETION"": 100.0, ""Q3_DELIVERY_COMPLETION"": 100.0, ""Q4_DELIVERY_COMPLETION"": 99.99999, ""Q5_DELIVERY_COMPLETION"": 100.0, ""Q7_DELIVERY_COMPLETION"": 100.0, ""Q8_DELIVERY_COMPLETION"": 100.0}",13215.2,102.0,102.0,True,0,1000,754,138,0.576277,True
msrcpsp_15_6_10_6,hybrid_hs_ga_guided_mutation_hs150_ga850,27,95.02,100.0,75.12,100.0,"{""PROJECT_COMPLETION"": 100.00004999999996, ""Q0_DELIVERY_COMPLETION"": 100.0, ""Q2_DELIVERY_COMPLETION"": 100.0, ""Q3_DELIVERY_COMPLETION"": 100.0, ""Q4_DELIVERY_COMPLETION"": 99.99999, ""Q5_DELIVERY_COMPLETION"": 100.0, ""Q7_DELIVERY_COMPLETION"": 100.0, ""Q8_DELIVERY_COMPLETION"": 100.0}",10400.7,102.0,102.0,True,0,1000,854,138,0.581487,True
msrcpsp_15_6_10_6,hybrid_hs_ga_guided_mutation_hs150_ga850,28,93.75,100.0,68.74,100.0,"{""PROJECT_COMPLETION"": 100.00004999999996, ""Q0_DELIVERY_COMPLETION"": 100.0, ""Q2_DELIVERY_COMPLETION"": 100.0, ""Q3_DELIVERY_COMPLETION"": 100.0, ""Q4_DELIVERY_COMPLETION"": 99.99999, ""Q5_DELIVERY_COMPLETION"": 100.0, ""Q7_DELIVERY_COMPLETION"": 100.0, ""Q8_DELIVERY_COMPLETION"": 100.0}",12121.2,102.0,102.0,True,0,1000,806,138,0.575147,False
msrcpsp_15_6_10_6,hybrid_hs_ga_guided_mutation_hs150_ga850,29,94.61,100.0,73.03,100.0,"{""PROJECT_COMPLETION"": 100.00004999999996, ""Q0_DELIVERY_COMPLETION"": 100.0, ""Q2_DELIVERY_COMPLETION"": 100.0, ""Q3_DELIVERY_COMPLETION"": 100.0, ""Q4_DELIVERY_COMPLETION"": 99.99999, ""Q5_DELIVERY_COMPLETION"": 100.0, ""Q7_DELIVERY_COMPLETION"": 100.0, ""Q8_DELIVERY_COMPLETION"": 100.0}",10963.8,102.0,102.0,True,0,1000,757,138,0.568896,True
msrcpsp_15_6_10_6,hybrid_hs_ga_guided_mutation_hs150_ga850,30,93.37,100.0,66.86,100.0,"{""PROJECT_COMPLETION"": 100.00004999999996, ""Q0_DELIVERY_COMPLETION"": 100.0, ""Q2_DELIVERY_COMPLETION"": 100.0, ""Q3_DELIVERY_COMPLETION"": 100.0, ""Q4_DELIVERY_COMPLETION"": 99.99999, ""Q5_DELIVERY_COMPLETION"": 100.0, ""Q7_DELIVERY_COMPLETION"": 100.0, ""Q8_DELIVERY_COMPLETION"": 100.0}",12626.8,102.0,102.0,True,0,1000,919,138,0.606237,True
msrcpsp_200_10_135_9_D6,hybrid_hs_ga_guided_mutation_hs150_ga850,1,78.83,97.22,50.81,71.2,"{""PROJECT_COMPLETION"": 97.10144733333321, ""Q0_DELIVERY_COMPLETION"": 93.333338, ""Q1_DELIVERY_COMPLETION"": 100.00000499999999, ""Q2_DELIVERY_COMPLETION"": 96.49123, ""Q3_DELIVERY_COMPLETION"": 100.00000399999998, ""Q4_DELIVERY_COMPLETION"": 97.77778266666667, ""Q5_DELIVERY_COMPLETION"": 100.0, ""Q6_DELIVERY_COMPLETION"": 100.00000499999999, ""Q7_DELIVERY_COMPLETION"": 87.87879666666672, ""Q8_DELIVERY_COMPLETION"": 100.000005}",101836.5,534.0,750.0,True,0,1000,990,138,5.736505,True
msrcpsp_200_10_135_9_D6,hybrid_hs_ga_guided_mutation_hs150_ga850,2,77.19,97.11,51.91,66.01,"{""PROJECT_COMPLETION"": 97.10144733333321, ""Q0_DELIVERY_COMPLETION"": 97.77778266666667, ""Q1_DELIVERY_COMPLETION"": 100.00000499999999, ""Q2_DELIVERY_COMPLETION"": 95.614037, ""Q3_DELIVERY_COMPLETION"": 92.30769599999998, ""Q4_DELIVERY_COMPLETION"": 100.000005, ""Q5_DELIVERY_COMPLETION"": 98.33333333333334, ""Q6_DELIVERY_COMPLETION"": 97.61905249999998, ""Q7_DELIVERY_COMPLETION"": 92.42425166666672, ""Q8_DELIVERY_COMPLETION"": 100.000005}",100816.7,534.0,809.0,True,0,1000,993,138,5.546241,True
msrcpsp_200_10_135_9_D6,hybrid_hs_ga_guided_mutation_hs150_ga850,3,77.29,96.62,51.65,67.09,"{""PROJECT_COMPLETION"": 96.27328999999989, ""Q0_DELIVERY_COMPLETION"": 100.000005, ""Q1_DELIVERY_COMPLETION"": 95.23809999999999, ""Q2_DELIVERY_COMPLETION"": 91.22807200000001, ""Q3_DELIVERY_COMPLETION"": 100.00000399999998, ""Q4_DELIVERY_COMPLETION"": 100.000005, ""Q5_DELIVERY_COMPLETION"": 96.66666666666667, ""Q6_DELIVERY_COMPLETION"": 96.82540166666665, ""Q7_DELIVERY_COMPLETION"": 90.90910000000005, ""Q8_DELIVERY_COMPLETION"": 100.000005}",101063.9,534.0,796.0,True,0,1000,998,138,5.697927,True
msrcpsp_200_10_135_9_D6,hybrid_hs_ga_guided_mutation_hs150_ga850,4,77.98,96.8,54.25,67.34,"{""PROJECT_COMPLETION"": 96.68736866666656, ""Q0_DELIVERY_COMPLETION"": 91.11111566666666, ""Q1_DELIVERY_COMPLETION"": 100.00000499999999, ""Q2_DELIVERY_COMPLETION"": 94.736844, ""Q3_DELIVERY_COMPLETION"": 100.00000399999998, ""Q4_DELIVERY_COMPLETION"": 100.000005, ""Q5_DELIVERY_COMPLETION"": 93.33333333333333, ""Q6_DELIVERY_COMPLETION"": 100.00000499999999, ""Q7_DELIVERY_COMPLETION"": 92.42425166666672, ""Q8_DELIVERY_COMPLETION"": 100.000005}",98646.2,534.0,793.0,True,0,1000,998,138,5.602236,True
msrcpsp_200_10_135_9_D6,hybrid_hs_ga_guided_mutation_hs150_ga850,5,77.84,94.99,53.31,69.8,"{""PROJECT_COMPLETION"": 94.61697533333324, ""Q0_DELIVERY_COMPLETION"": 97.77778266666667, ""Q1_DELIVERY_COMPLETION"": 96.82540166666665, ""Q2_DELIVERY_COMPLETION"": 84.210528, ""Q3_DELIVERY_COMPLETION"": 100.00000399999998, ""Q4_DELIVERY_COMPLETION"": 100.000005, ""Q5_DELIVERY_COMPLETION"": 88.33333333333333, ""Q6_DELIVERY_COMPLETION"": 95.23809999999999, ""Q7_DELIVERY_COMPLETION"": 93.93940333333339, ""Q8_DELIVERY_COMPLETION"": 100.000005}",99520.1,534.0,765.0,True,0,1000,964,138,5.674615,True
msrcpsp_200_10_135_9_D6,hybrid_hs_ga_guided_mutation_hs150_ga850,6,77.02,97.48,55.43,63.05,"{""PROJECT_COMPLETION"": 97.30848666666655, ""Q0_DELIVERY_COMPLETION"": 97.77778266666667, ""Q1_DELIVERY_COMPLETION"": 100.00000499999999, ""Q2_DELIVERY_COMPLETION"": 91.228072, ""Q3_DELIVERY_COMPLETION"": 100.00000399999998, ""Q4_DELIVERY_COMPLETION"": 100.000005, ""Q5_DELIVERY_COMPLETION"": 95.0, ""Q6_DELIVERY_COMPLETION"": 100.00000499999999, ""Q7_DELIVERY_COMPLETION"": 93.93940333333339, ""Q8_DELIVERY_COMPLETION"": 100.000005}",97556.5,534.0,847.0,True,0,1000,988,138,5.656374,True
msrcpsp_200_10_135_9_D6,hybrid_hs_ga_guided_mutation_hs150_ga850,7,77.43,95.03,53.98,68.2,"{""PROJECT_COMPLETION"": 94.61697533333323, ""Q0_DELIVERY_COMPLETION"": 97.77778266666667, ""Q1_DELIVERY_COMPLETION"": 95.23809999999999, ""Q2_DELIVERY_COMPLETION"": 85.964914, ""Q3_DELIVERY_COMPLETION"": 100.00000399999998, ""Q4_DELIVERY_COMPLETION"": 100.000005, ""Q5_DELIVERY_COMPLETION"": 90.0, ""Q6_DELIVERY_COMPLETION"": 100.00000499999999, ""Q7_DELIVERY_COMPLETION"": 87.87879666666672, ""Q8_DELIVERY_COMPLETION"": 100.000005}",98901.2,534.0,783.0,True,0,1000,980,138,5.535654,True
msrcpsp_200_10_135_9_D6,hybrid_hs_ga_guided_mutation_hs150_ga850,8,76.8,95.68,50.12,67.77,"{""PROJECT_COMPLETION"": 95.44513266666657, ""Q0_DELIVERY_COMPLETION"": 95.55556033333333, ""Q1_DELIVERY_COMPLETION"": 92.85714749999998, ""Q2_DELIVERY_COMPLETION"": 94.736844, ""Q3_DELIVERY_COMPLETION"": 97.4359013333333, ""Q4_DELIVERY_COMPLETION"": 97.77778266666667, ""Q5_DELIVERY_COMPLETION"": 96.66666666666666, ""Q6_DELIVERY_COMPLETION"": 97.6190525, ""Q7_DELIVERY_COMPLETION"": 89.39394833333338, ""Q8_DELIVERY_COMPLETION"": 100.000005}",102476.0,534.0,788.0,True,0,1000,959,138,5.671276,True
msrcpsp_200_10_135_9_D6,hybrid_hs_ga_guided_mutation_hs150_ga850,9,77.2,94.2,54.1,68.55,"{""PROJECT_COMPLETION"": 93.68529833333325, ""Q0_DELIVERY_COMPLETION"": 100.000005, ""Q1_DELIVERY_COMPLETION"": 100.00000499999999, ""Q2_DELIVERY_COMPLETION"": 84.21052799999998, ""Q3_DELIVERY_COMPLETION"": 100.00000399999998, ""Q4_DELIVERY_COMPLETION"": 100.000005, ""Q5_DELIVERY_COMPLETION"": 92.49999999999999, ""Q6_DELIVERY_COMPLETION"": 90.47619499999999, ""Q7_DELIVERY_COMPLETION"": 84.84849333333338, ""Q8_DELIVERY_COMPLETION"": 97.77778266666668}",98793.9,534.0,779.0,True,0,1000,993,138,5.541548,True
msrcpsp_200_10_135_9_D6,hybrid_hs_ga_guided_mutation_hs150_ga850,10,77.17,96.67,53.1,65.84,"{""PROJECT_COMPLETION"": 96.37680966666656, ""Q0_DELIVERY_COMPLETION"": 100.000005, ""Q1_DELIVERY_COMPLETION"": 100.00000499999999, ""Q2_DELIVERY_COMPLETION"": 93.85965100000001, ""Q3_DELIVERY_COMPLETION"": 100.00000399999998, ""Q4_DELIVERY_COMPLETION"": 97.77778266666667, ""Q5_DELIVERY_COMPLETION"": 93.33333333333333, ""Q6_DELIVERY_COMPLETION"": 95.23809999999999, ""Q7_DELIVERY_COMPLETION"": 90.90910000000005, ""Q8_DELIVERY_COMPLETION"": 100.000005}",99714.7,534.0,811.0,True,0,1000,993,138,5.623753,True
msrcpsp_200_10_135_9_D6,hybrid_hs_ga_guided_mutation_hs150_ga850,11,77.67,97.01,52.83,67.0,"{""PROJECT_COMPLETION"": 96.68736866666654, ""Q0_DELIVERY_COMPLETION"": 100.000005, ""Q1_DELIVERY_COMPLETION"": 95.23809999999999, ""Q2_DELIVERY_COMPLETION"": 93.85965100000001, ""Q3_DELIVERY_COMPLETION"": 100.00000399999998, ""Q4_DELIVERY_COMPLETION"": 100.000005, ""Q5_DELIVERY_COMPLETION"": 98.33333333333334, ""Q6_DELIVERY_COMPLETION"": 95.23809999999999, ""Q7_DELIVERY_COMPLETION"": 91.66667583333339, ""Q8_DELIVERY_COMPLETION"": 100.000005}",99968.3,534.0,797.0,True,0,1000,935,138,5.537353,True
msrcpsp_200_10_135_9_D6,hybrid_hs_ga_guided_mutation_hs150_ga850,12,77.57,96.45,55.45,65.93,"{""PROJECT_COMPLETION"": 96.06625066666658, ""Q0_DELIVERY_COMPLETION"": 100.000005, ""Q1_DELIVERY_COMPLETION"": 96.82540166666665, ""Q2_DELIVERY_COMPLETION"": 94.736844, ""Q3_DELIVERY_COMPLETION"": 100.00000399999998, ""Q4_DELIVERY_COMPLETION"": 100.000005, ""Q5_DELIVERY_COMPLETION"": 93.33333333333334, ""Q6_DELIVERY_COMPLETION"": 95.23809999999999, ""Q7_DELIVERY_COMPLETION"": 89.39394833333338, ""Q8_DELIVERY_COMPLETION"": 100.000005}",97536.1,534.0,810.0,True,0,1000,959,138,5.761273,True
msrcpsp_200_10_135_9_D6,hybrid_hs_ga_guided_mutation_hs150_ga850,13,78.9,97.9,51.6,70.08,"{""PROJECT_COMPLETION"": 97.92960466666655, ""Q0_DELIVERY_COMPLETION"": 93.333338, ""Q1_DELIVERY_COMPLETION"": 100.00000499999999, ""Q2_DELIVERY_COMPLETION"": 96.49123, ""Q3_DELIVERY_COMPLETION"": 97.4359013333333, ""Q4_DELIVERY_COMPLETION"": 100.000005, ""Q5_DELIVERY_COMPLETION"": 98.33333333333334, ""Q6_DELIVERY_COMPLETION"": 100.00000499999999, ""Q7_DELIVERY_COMPLETION"": 95.45455500000006, ""Q8_DELIVERY_COMPLETION"": 100.000005}",101110.4,534.0,762.0,True,0,1000,962,138,5.68784,True
msrcpsp_200_10_135_9_D6,hybrid_hs_ga_guided_mutation_hs150_ga850,14,76.08,95.97,53.06,63.65,"{""PROJECT_COMPLETION"": 95.6521719999999, ""Q0_DELIVERY_COMPLETION"": 100.000005, ""Q1_DELIVERY_COMPLETION"": 95.23809999999999, ""Q2_DELIVERY_COMPLETION"": 94.73684399999999, ""Q3_DELIVERY_COMPLETION"": 97.43590133333332, ""Q4_DELIVERY_COMPLETION"": 100.000005, ""Q5_DELIVERY_COMPLETION"": 86.66666666666667, ""Q6_DELIVERY_COMPLETION"": 100.00000499999999, ""Q7_DELIVERY_COMPLETION"": 90.90910000000005, ""Q8_DELIVERY_COMPLETION"": 100.000005}",99757.0,534.0,839.0,True,0,1000,895,138,5.538816,True
msrcpsp_200_10_135_9_D6,hybrid_hs_ga_guided_mutation_hs150_ga850,15,78.69,96.72,51.54,71.01,"{""PROJECT_COMPLETION"": 96.48032933333324, ""Q0_DELIVERY_COMPLETION"": 97.77778266666667, ""Q1_DELIVERY_COMPLETION"": 100.00000499999999, ""Q2_DELIVERY_COMPLETION"": 98.24561600000001, ""Q3_DELIVERY_COMPLETION"": 97.43590133333332, ""Q4_DELIVERY_COMPLETION"": 100.000005, ""Q5_DELIVERY_COMPLETION"": 91.66666666666666, ""Q6_DELIVERY_COMPLETION"": 98.41270333333331, ""Q7_DELIVERY_COMPLETION"": 87.87879666666672, ""Q8_DELIVERY_COMPLETION"": 100.000005}",101158.1,534.0,752.0,True,0,1000,946,138,5.639141,True
msrcpsp_200_10_135_9_D6,hybrid_hs_ga_guided_mutation_hs150_ga850,16,77.65,97.75,51.18,66.92,"{""PROJECT_COMPLETION"": 97.72256533333322, ""Q0_DELIVERY_COMPLETION"": 93.333338, ""Q1_DELIVERY_COMPLETION"": 100.00000499999999, ""Q2_DELIVERY_COMPLETION"": 91.228072, ""Q3_DELIVERY_COMPLETION"": 100.00000399999998, ""Q4_DELIVERY_COMPLETION"": 100.000005, ""Q5_DELIVERY_COMPLETION"": 98.33333333333334, ""Q6_DELIVERY_COMPLETION"": 100.00000499999999, ""Q7_DELIVERY_COMPLETION"": 96.96970666666672, ""Q8_DELIVERY_COMPLETION"": 100.000005}",101493.5,534.0,798.0,True,0,1000,1000,138,5.593927,True
msrcpsp_200_10_135_9_D6,hybrid_hs_ga_guided_mutation_hs150_ga850,17,77.07,96.54,48.92,68.11,"{""PROJECT_COMPLETION"": 96.37680966666656, ""Q0_DELIVERY_COMPLETION"": 97.77778266666667, ""Q1_DELIVERY_COMPLETION"": 95.23809999999999, ""Q2_DELIVERY_COMPLETION"": 100.00000200000001, ""Q3_DELIVERY_COMPLETION"": 97.43590133333332, ""Q4_DELIVERY_COMPLETION"": 100.000005, ""Q5_DELIVERY_COMPLETION"": 94.16666666666667, ""Q6_DELIVERY_COMPLETION"": 98.41270333333333, ""Q7_DELIVERY_COMPLETION"": 90.90910000000005, ""Q8_DELIVERY_COMPLETION"": 95.55556033333333}",103595.1,534.0,784.0,True,0,1000,985,138,5.691669,True
msrcpsp_200_10_135_9_D6,hybrid_hs_ga_guided_mutation_hs150_ga850,18,78.1,97.3,53.45,67.51,"{""PROJECT_COMPLETION"": 97.10144733333321, ""Q0_DELIVERY_COMPLETION"": 100.000005, ""Q1_DELIVERY_COMPLETION"": 100.00000499999999, ""Q2_DELIVERY_COMPLETION"": 94.736844, ""Q3_DELIVERY_COMPLETION"": 97.43590133333332, ""Q4_DELIVERY_COMPLETION"": 100.000005, ""Q5_DELIVERY_COMPLETION"": 93.33333333333333, ""Q6_DELIVERY_COMPLETION"": 100.00000499999999, ""Q7_DELIVERY_COMPLETION"": 90.90910000000005, ""Q8_DELIVERY_COMPLETION"": 100.000005}",99390.2,534.0,791.0,True,0,1000,943,138,5.509323,True
msrcpsp_200_10_135_9_D6,hybrid_hs_ga_guided_mutation_hs150_ga850,19,77.31,97.79,50.55,66.25,"{""PROJECT_COMPLETION"": 97.61904566666655, ""Q0_DELIVERY_COMPLETION"": 100.000005, ""Q1_DELIVERY_COMPLETION"": 100.00000499999999, ""Q2_DELIVERY_COMPLETION"": 88.596493, ""Q3_DELIVERY_COMPLETION"": 100.00000399999998, ""Q4_DELIVERY_COMPLETION"": 100.000005, ""Q5_DELIVERY_COMPLETION"": 100.0, ""Q6_DELIVERY_COMPLETION"": 95.23809999999999, ""Q7_DELIVERY_COMPLETION"": 96.96970666666672, ""Q8_DELIVERY_COMPLETION"": 100.000005}",102076.2,534.0,806.0,True,0,1000,971,138,5.760416,True
msrcpsp_200_10_135_9_D6,hybrid_hs_ga_guided_mutation_hs150_ga850,20,76.17,97.47,50.06,63.72,"{""PROJECT_COMPLETION"": 97.51552599999988, ""Q0_DELIVERY_COMPLETION"": 95.55556033333333, ""Q1_DELIVERY_COMPLETION"": 100.00000499999999, ""Q2_DELIVERY_COMPLETION"": 96.49123000000002, ""Q3_DELIVERY_COMPLETION"": 97.4359013333333, ""Q4_DELIVERY_COMPLETION"": 100.000005, ""Q5_DELIVERY_COMPLETION"": 95.0, ""Q6_DELIVERY_COMPLETION"": 100.00000499999999, ""Q7_DELIVERY_COMPLETION"": 96.96970666666672, ""Q8_DELIVERY_COMPLETION"": 95.55556033333333}",102534.5,534.0,838.0,True,0,1000,973,138,5.519357,True
msrcpsp_200_10_135_9_D6,hybrid_hs_ga_guided_mutation_hs150_ga850,21,77.88,94.4,53.73,70.45,"{""PROJECT_COMPLETION"": 94.20289666666658, ""Q0_DELIVERY_COMPLETION"": 84.44444866666666, ""Q1_DELIVERY_COMPLETION"": 95.23809999999999, ""Q2_DELIVERY_COMPLETION"": 92.982458, ""Q3_DELIVERY_COMPLETION"": 100.00000399999998, ""Q4_DELIVERY_COMPLETION"": 100.000005, ""Q5_DELIVERY_COMPLETION"": 91.66666666666667, ""Q6_DELIVERY_COMPLETION"": 93.65079833333331, ""Q7_DELIVERY_COMPLETION"": 92.42425166666672, ""Q8_DELIVERY_COMPLETION"": 100.000005}",99132.1,534.0,758.0,True,0,1000,981,138,5.723991,True
msrcpsp_200_10_135_9_D6,hybrid_hs_ga_guided_mutation_hs150_ga850,22,77.93,96.88,50.17,69.44,"{""PROJECT_COMPLETION"": 96.68736866666654, ""Q0_DELIVERY_COMPLETION"": 95.55556033333333, ""Q1_DELIVERY_COMPLETION"": 95.23809999999999, ""Q2_DELIVERY_COMPLETION"": 100.00000200000001, ""Q3_DELIVERY_COMPLETION"": 97.43590133333332, ""Q4_DELIVERY_COMPLETION"": 100.000005, ""Q5_DELIVERY_COMPLETION"": 95.0, ""Q6_DELIVERY_COMPLETION"": 100.00000499999999, ""Q7_DELIVERY_COMPLETION"": 89.39394833333338, ""Q8_DELIVERY_COMPLETION"": 100.000005}",102433.3,534.0,769.0,True,0,1000,997,138,5.701405,True
msrcpsp_200_10_135_9_D6,hybrid_hs_ga_guided_mutation_hs150_ga850,23,78.96,97.02,51.58,71.39,"{""PROJECT_COMPLETION"": 96.68736866666656, ""Q0_DELIVERY_COMPLETION"": 100.000005, ""Q1_DELIVERY_COMPLETION"": 100.00000499999999, ""Q2_DELIVERY_COMPLETION"": 98.245616, ""Q3_DELIVERY_COMPLETION"": 100.00000399999998, ""Q4_DELIVERY_COMPLETION"": 100.000005, ""Q5_DELIVERY_COMPLETION"": 90.83333333333334, ""Q6_DELIVERY_COMPLETION"": 94.44444916666664, ""Q7_DELIVERY_COMPLETION"": 90.90910000000005, ""Q8_DELIVERY_COMPLETION"": 100.000005}",101128.2,534.0,748.0,True,0,1000,950,138,5.770004,True
msrcpsp_200_10_135_9_D6,hybrid_hs_ga_guided_mutation_hs150_ga850,24,77.7,97.3,52.59,66.83,"{""PROJECT_COMPLETION"": 97.20496699999988, ""Q0_DELIVERY_COMPLETION"": 96.66667149999999, ""Q1_DELIVERY_COMPLETION"": 100.00000499999999, ""Q2_DELIVERY_COMPLETION"": 94.736844, ""Q3_DELIVERY_COMPLETION"": 97.43590133333332, ""Q4_DELIVERY_COMPLETION"": 100.000005, ""Q5_DELIVERY_COMPLETION"": 93.33333333333333, ""Q6_DELIVERY_COMPLETION"": 100.00000499999999, ""Q7_DELIVERY_COMPLETION"": 93.93940333333339, ""Q8_DELIVERY_COMPLETION"": 100.000005}",100187.1,534.0,799.0,True,0,1000,969,138,5.926387,True
msrcpsp_200_10_135_9_D6,hybrid_hs_ga_guided_mutation_hs150_ga850,25,76.95,95.47,52.24,67.25,"{""PROJECT_COMPLETION"": 95.23809333333324, ""Q0_DELIVERY_COMPLETION"": 91.11111566666666, ""Q1_DELIVERY_COMPLETION"": 96.82540166666665, ""Q2_DELIVERY_COMPLETION"": 96.49123, ""Q3_DELIVERY_COMPLETION"": 100.00000399999998, ""Q4_DELIVERY_COMPLETION"": 97.77778266666667, ""Q5_DELIVERY_COMPLETION"": 93.33333333333333, ""Q6_DELIVERY_COMPLETION"": 95.23809999999999, ""Q7_DELIVERY_COMPLETION"": 89.39394833333338, ""Q8_DELIVERY_COMPLETION"": 100.000005}",100516.9,534.0,794.0,True,0,1000,988,138,5.473162,True
msrcpsp_200_10_135_9_D6,hybrid_hs_ga_guided_mutation_hs150_ga850,26,77.77,97.45,52.78,66.75,"{""PROJECT_COMPLETION"": 97.20496699999987, ""Q0_DELIVERY_COMPLETION"": 100.000005, ""Q1_DELIVERY_COMPLETION"": 97.61905249999998, ""Q2_DELIVERY_COMPLETION"": 94.736844, ""Q3_DELIVERY_COMPLETION"": 100.00000399999998, ""Q4_DELIVERY_COMPLETION"": 100.000005, ""Q5_DELIVERY_COMPLETION"": 95.0, ""Q6_DELIVERY_COMPLETION"": 95.23809999999999, ""Q7_DELIVERY_COMPLETION"": 95.45455500000006, ""Q8_DELIVERY_COMPLETION"": 100.000005}",100015.4,534.0,800.0,True,0,1000,895,138,5.619184,True
msrcpsp_200_10_135_9_D6,hybrid_hs_ga_guided_mutation_hs150_ga850,27,76.73,95.37,51.36,67.25,"{""PROJECT_COMPLETION"": 95.23809333333324, ""Q0_DELIVERY_COMPLETION"": 93.333338, ""Q1_DELIVERY_COMPLETION"": 95.23809999999999, ""Q2_DELIVERY_COMPLETION"": 89.473686, ""Q3_DELIVERY_COMPLETION"": 94.87179866666665, ""Q4_DELIVERY_COMPLETION"": 100.000005, ""Q5_DELIVERY_COMPLETION"": 95.0, ""Q6_DELIVERY_COMPLETION"": 100.00000499999999, ""Q7_DELIVERY_COMPLETION"": 90.90910000000005, ""Q8_DELIVERY_COMPLETION"": 100.000005}",101332.9,534.0,794.0,True,0,1000,986,138,5.535383,True
msrcpsp_200_10_135_9_D6,hybrid_hs_ga_guided_mutation_hs150_ga850,28,77.53,95.28,49.5,70.73,"{""PROJECT_COMPLETION"": 95.03105399999991, ""Q0_DELIVERY_COMPLETION"": 95.55556033333333, ""Q1_DELIVERY_COMPLETION"": 100.00000499999999, ""Q2_DELIVERY_COMPLETION"": 89.473686, ""Q3_DELIVERY_COMPLETION"": 97.43590133333332, ""Q4_DELIVERY_COMPLETION"": 100.000005, ""Q5_DELIVERY_COMPLETION"": 88.33333333333333, ""Q6_DELIVERY_COMPLETION"": 95.23809999999999, ""Q7_DELIVERY_COMPLETION"": 92.42425166666672, ""Q8_DELIVERY_COMPLETION"": 100.000005}",103050.4,534.0,755.0,True,0,1000,930,138,5.789023,True
msrcpsp_200_10_135_9_D6,hybrid_hs_ga_guided_mutation_hs150_ga850,29,78.32,96.89,53.94,68.37,"{""PROJECT_COMPLETION"": 96.68736866666654, ""Q0_DELIVERY_COMPLETION"": 100.000005, ""Q1_DELIVERY_COMPLETION"": 100.00000499999999, ""Q2_DELIVERY_COMPLETION"": 80.701756, ""Q3_DELIVERY_COMPLETION"": 100.00000399999998, ""Q4_DELIVERY_COMPLETION"": 100.000005, ""Q5_DELIVERY_COMPLETION"": 98.33333333333334, ""Q6_DELIVERY_COMPLETION"": 95.23809999999999, ""Q7_DELIVERY_COMPLETION"": 98.48485833333339, ""Q8_DELIVERY_COMPLETION"": 100.000005}",98933.6,534.0,781.0,True,0,1000,959,138,5.682571,True
msrcpsp_200_10_135_9_D6,hybrid_hs_ga_guided_mutation_hs150_ga850,30,78.4,95.6,51.47,71.68,"{""PROJECT_COMPLETION"": 95.54865233333322, ""Q0_DELIVERY_COMPLETION"": 86.666671, ""Q1_DELIVERY_COMPLETION"": 100.00000499999999, ""Q2_DELIVERY_COMPLETION"": 94.736844, ""Q3_DELIVERY_COMPLETION"": 100.00000399999998, ""Q4_DELIVERY_COMPLETION"": 96.6666715, ""Q5_DELIVERY_COMPLETION"": 98.33333333333333, ""Q6_DELIVERY_COMPLETION"": 100.00000499999999, ""Q7_DELIVERY_COMPLETION"": 86.36364500000005, ""Q8_DELIVERY_COMPLETION"": 97.77778266666667}",101223.2,534.0,745.0,True,0,1000,972,138,5.480864,True
msrcpsp_200_20_150_9_D5,hybrid_hs_ga_guided_mutation_hs150_ga850,1,90.27,98.0,66.46,93.95,"{""PROJECT_COMPLETION"": 97.97986166666634, ""Q0_DELIVERY_COMPLETION"": 93.333338, ""Q1_DELIVERY_COMPLETION"": 99.99999799999995, ""Q2_DELIVERY_COMPLETION"": 100.0, ""Q3_DELIVERY_COMPLETION"": 100.00000499999999, ""Q4_DELIVERY_COMPLETION"": 100.00000200000001, ""Q5_DELIVERY_COMPLETION"": 96.66666666666666, ""Q6_DELIVERY_COMPLETION"": 100.00000800000007, ""Q7_DELIVERY_COMPLETION"": 92.06349666666665, ""Q8_DELIVERY_COMPLETION"": 100.00000499999999}",86004.0,900.0,958.0,True,0,1000,994,138,6.084109,True
msrcpsp_200_20_150_9_D5,hybrid_hs_ga_guided_mutation_hs150_ga850,2,90.15,98.57,71.95,89.73,"{""PROJECT_COMPLETION"": 98.48491249999967, ""Q0_DELIVERY_COMPLETION"": 100.000005, ""Q1_DELIVERY_COMPLETION"": 97.61904566666664, ""Q2_DELIVERY_COMPLETION"": 100.0, ""Q3_DELIVERY_COMPLETION"": 96.82540166666665, ""Q4_DELIVERY_COMPLETION"": 100.00000200000001, ""Q5_DELIVERY_COMPLETION"": 96.66666666666667, ""Q6_DELIVERY_COMPLETION"": 97.91667450000006, ""Q7_DELIVERY_COMPLETION"": 98.41270333333333, ""Q8_DELIVERY_COMPLETION"": 100.00000499999999}",80175.5,900.0,1003.0,True,0,1000,988,138,5.927069,True
msrcpsp_200_20_150_9_D5,hybrid_hs_ga_guided_mutation_hs150_ga850,3,90.34,95.68,65.57,97.61,"{""PROJECT_COMPLETION"": 95.35359733333303, ""Q0_DELIVERY_COMPLETION"": 97.77778266666667, ""Q1_DELIVERY_COMPLETION"": 97.61904566666664, ""Q2_DELIVERY_COMPLETION"": 100.0, ""Q3_DELIVERY_COMPLETION"": 83.33333749999998, ""Q4_DELIVERY_COMPLETION"": 100.00000200000001, ""Q5_DELIVERY_COMPLETION"": 94.16666666666666, ""Q6_DELIVERY_COMPLETION"": 95.83334100000005, ""Q7_DELIVERY_COMPLETION"": 95.23809999999999, ""Q8_DELIVERY_COMPLETION"": 98.41270333333331}",86948.4,900.0,922.0,True,0,1000,898,138,6.161197,True
msrcpsp_200_20_150_9_D5,hybrid_hs_ga_guided_mutation_hs150_ga850,4,90.02,96.15,64.4,96.77,"{""PROJECT_COMPLETION"": 96.16167866666636, ""Q0_DELIVERY_COMPLETION"": 100.000005, ""Q1_DELIVERY_COMPLETION"": 85.71428399999996, ""Q2_DELIVERY_COMPLETION"": 100.0, ""Q3_DELIVERY_COMPLETION"": 92.06349666666665, ""Q4_DELIVERY_COMPLETION"": 98.24561600000001, ""Q5_DELIVERY_COMPLETION"": 100.0, ""Q6_DELIVERY_COMPLETION"": 97.22223000000005, ""Q7_DELIVERY_COMPLETION"": 92.06349666666665, ""Q8_DELIVERY_COMPLETION"": 100.00000499999999}",88186.3,900.0,930.0,True,0,1000,1000,138,6.105544,True
msrcpsp_200_20_150_9_D5,hybrid_hs_ga_guided_mutation_hs150_ga850,5,90.42,98.68,71.0,90.91,"{""PROJECT_COMPLETION"": 98.58592266666633, ""Q0_DELIVERY_COMPLETION"": 97.77778266666667, ""Q1_DELIVERY_COMPLETION"": 99.99999799999995, ""Q2_DELIVERY_COMPLETION"": 100.0, ""Q3_DELIVERY_COMPLETION"": 100.00000499999999, ""Q4_DELIVERY_COMPLETION"": 100.00000200000001, ""Q5_DELIVERY_COMPLETION"": 100.0, ""Q6_DELIVERY_COMPLETION"": 98.61111900000006, ""Q7_DELIVERY_COMPLETION"": 92.06349666666665, ""Q8_DELIVERY_COMPLETION"": 100.00000499999999}",81181.3,900.0,990.0,True,0,1000,991,138,5.942636,True
msrcpsp_200_20_150_9_D5,hybrid_hs_ga_guided_mutation_hs150_ga850,6,91.27,98.64,71.2,93.26,"{""PROJECT_COMPLETION"": 98.4849124999997, ""Q0_DELIVERY_COMPLETION"": 100.000005, ""Q1_DELIVERY_COMPLETION"": 99.99999799999995, ""Q2_DELIVERY_COMPLETION"": 100.0, ""Q3_DELIVERY_COMPLETION"": 97.61905249999998, ""Q4_DELIVERY_COMPLETION"": 100.00000200000001, ""Q5_DELIVERY_COMPLETION"": 98.33333333333334, ""Q6_DELIVERY_COMPLETION"": 97.22223000000007, ""Q7_DELIVERY_COMPLETION"": 96.82540166666665, ""Q8_DELIVERY_COMPLETION"": 98.41270333333331}",80971.6,900.0,965.0,True,0,1000,964,138,6.16701,True
msrcpsp_200_20_150_9_D5,hybrid_hs_ga_guided_mutation_hs150_ga850,7,91.07,98.02,69.7,94.34,"{""PROJECT_COMPLETION"": 97.87885149999968, ""Q0_DELIVERY_COMPLETION"": 100.000005, ""Q1_DELIVERY_COMPLETION"": 99.99999799999995, ""Q2_DELIVERY_COMPLETION"": 100.0, ""Q3_DELIVERY_COMPLETION"": 100.00000499999999, ""Q4_DELIVERY_COMPLETION"": 94.736844, ""Q5_DELIVERY_COMPLETION"": 97.5, ""Q6_DELIVERY_COMPLETION"": 100.00000800000007, ""Q7_DELIVERY_COMPLETION"": 90.47619499999999, ""Q8_DELIVERY_COMPLETION"": 100.00000499999999}",82569.0,900.0,954.0,True,0,1000,995,138,6.146928,True
msrcpsp_200_20_150_9_D5,hybrid_hs_ga_guided_mutation_hs150_ga850,8,90.8,98.96,66.4,94.24,"{""PROJECT_COMPLETION"": 98.88895316666634, ""Q0_DELIVERY_COMPLETION"": 100.000005, ""Q1_DELIVERY_COMPLETION"": 99.99999799999995, ""Q2_DELIVERY_COMPLETION"": 100.0, ""Q3_DELIVERY_COMPLETION"": 97.61905249999998, ""Q4_DELIVERY_COMPLETION"": 94.736844, ""Q5_DELIVERY_COMPLETION"": 100.0, ""Q6_DELIVERY_COMPLETION"": 98.61111900000006, ""Q7_DELIVERY_COMPLETION"": 100.00000499999999, ""Q8_DELIVERY_COMPLETION"": 100.00000499999999}",86065.4,900.0,955.0,True,0,1000,930,138,6.103802,True
msrcpsp_200_20_150_9_D5,hybrid_hs_ga_guided_mutation_hs150_ga850,9,91.47,99.24,67.21,95.34,"{""PROJECT_COMPLETION"": 99.19198366666635, ""Q0_DELIVERY_COMPLETION"": 100.000005, ""Q1_DELIVERY_COMPLETION"": 99.99999799999995, ""Q2_DELIVERY_COMPLETION"": 100.0, ""Q3_DELIVERY_COMPLETION"": 100.00000499999999, ""Q4_DELIVERY_COMPLETION"": 94.736844, ""Q5_DELIVERY_COMPLETION"": 100.0, ""Q6_DELIVERY_COMPLETION"": 98.61111900000006, ""Q7_DELIVERY_COMPLETION"": 100.00000499999999, ""Q8_DELIVERY_COMPLETION"": 100.00000499999999}",85206.3,900.0,944.0,True,0,1000,980,138,5.906367,True
msrcpsp_200_20_150_9_D5,hybrid_hs_ga_guided_mutation_hs150_ga850,10,90.32,97.86,68.05,93.36,"{""PROJECT_COMPLETION"": 97.87885149999967, ""Q0_DELIVERY_COMPLETION"": 97.77778266666667, ""Q1_DELIVERY_COMPLETION"": 92.85714099999996, ""Q2_DELIVERY_COMPLETION"": 100.0, ""Q3_DELIVERY_COMPLETION"": 95.23809999999997, ""Q4_DELIVERY_COMPLETION"": 100.00000200000001, ""Q5_DELIVERY_COMPLETION"": 100.0, ""Q6_DELIVERY_COMPLETION"": 97.22223000000005, ""Q7_DELIVERY_COMPLETION"": 100.00000499999999, ""Q8_DELIVERY_COMPLETION"": 97.61905249999998}",84319.9,900.0,964.0,True,0,1000,990,138,6.036926,True
msrcpsp_200_20_150_9_D5,hybrid_hs_ga_guided_mutation_hs150_ga850,11,90.46,97.84,68.76,93.36,"{""PROJECT_COMPLETION"": 97.57582099999969, ""Q0_DELIVERY_COMPLETION"": 100.000005, ""Q1_DELIVERY_COMPLETION"": 99.99999799999995, ""Q2_DELIVERY_COMPLETION"": 100.0, ""Q3_DELIVERY_COMPLETION"": 98.41270333333333, ""Q4_DELIVERY_COMPLETION"": 100.00000200000001, ""Q5_DELIVERY_COMPLETION"": 100.0, ""Q6_DELIVERY_COMPLETION"": 95.83334100000006, ""Q7_DELIVERY_COMPLETION"": 88.88889333333333, ""Q8_DELIVERY_COMPLETION"": 98.41270333333333}",83560.7,900.0,964.0,True,0,1000,961,138,6.050816,True
msrcpsp_200_20_150_9_D5,hybrid_hs_ga_guided_mutation_hs150_ga850,12,91.11,98.52,68.25,94.64,"{""PROJECT_COMPLETION"": 98.38390233333301, ""Q0_DELIVERY_COMPLETION"": 100.000005, ""Q1_DELIVERY_COMPLETION"": 99.99999799999995, ""Q2_DELIVERY_COMPLETION"": 100.0, ""Q3_DELIVERY_COMPLETION"": 96.82540166666665, ""Q4_DELIVERY_COMPLETION"": 100.00000200000001, ""Q5_DELIVERY_COMPLETION"": 98.33333333333334, ""Q6_DELIVERY_COMPLETION"": 100.00000800000007, ""Q7_DELIVERY_COMPLETION"": 93.65079833333331, ""Q8_DELIVERY_COMPLETION"": 98.41270333333333}",84103.9,900.0,951.0,True,0,1000,980,138,5.840691,True
msrcpsp_200_20_150_9_D5,hybrid_hs_ga_guided_mutation_hs150_ga850,13,90.2,96.38,70.75,93.36,"{""PROJECT_COMPLETION"": 96.16167866666635, ""Q0_DELIVERY_COMPLETION"": 100.000005, ""Q1_DELIVERY_COMPLETION"": 95.23809333333328, ""Q2_DELIVERY_COMPLETION"": 100.0, ""Q3_DELIVERY_COMPLETION"": 96.82540166666666, ""Q4_DELIVERY_COMPLETION"": 98.24561600000001, ""Q5_DELIVERY_COMPLETION"": 100.0, ""Q6_DELIVERY_COMPLETION"": 98.61111900000006, ""Q7_DELIVERY_COMPLETION"": 80.95238499999998, ""Q8_DELIVERY_COMPLETION"": 98.41270333333333}",81456.1,900.0,964.0,True,0,1000,976,138,6.158225,True
msrcpsp_200_20_150_9_D5,hybrid_hs_ga_guided_mutation_hs150_ga850,14,90.46,99.25,68.42,91.74,"{""PROJECT_COMPLETION"": 99.19198366666633, ""Q0_DELIVERY_COMPLETION"": 100.000005, ""Q1_DELIVERY_COMPLETION"": 99.99999799999995, ""Q2_DELIVERY_COMPLETION"": 100.0, ""Q3_DELIVERY_COMPLETION"": 95.23809999999999, ""Q4_DELIVERY_COMPLETION"": 98.24561600000001, ""Q5_DELIVERY_COMPLETION"": 100.0, ""Q6_DELIVERY_COMPLETION"": 100.00000800000007, ""Q7_DELIVERY_COMPLETION"": 100.00000499999999, ""Q8_DELIVERY_COMPLETION"": 100.00000499999999}",83926.1,900.0,981.0,True,0,1000,951,138,6.112156,True
msrcpsp_200_20_150_9_D5,hybrid_hs_ga_guided_mutation_hs150_ga850,15,90.34,98.12,68.06,93.07,"{""PROJECT_COMPLETION"": 97.97986166666634, ""Q0_DELIVERY_COMPLETION"": 100.000005, ""Q1_DELIVERY_COMPLETION"": 99.99999799999995, ""Q2_DELIVERY_COMPLETION"": 100.0, ""Q3_DELIVERY_COMPLETION"": 95.23809999999999, ""Q4_DELIVERY_COMPLETION"": 94.736844, ""Q5_DELIVERY_COMPLETION"": 100.0, ""Q6_DELIVERY_COMPLETION"": 100.00000800000007, ""Q7_DELIVERY_COMPLETION"": 93.65079833333333, ""Q8_DELIVERY_COMPLETION"": 100.00000499999999}",84301.8,900.0,967.0,True,0,1000,999,138,5.940892,True
msrcpsp_200_20_150_9_D5,hybrid_hs_ga_guided_mutation_hs150_ga850,16,90.23,95.39,69.51,95.44,"{""PROJECT_COMPLETION"": 95.4546074999997, ""Q0_DELIVERY_COMPLETION"": 100.000005, ""Q1_DELIVERY_COMPLETION"": 83.33333166666665, ""Q2_DELIVERY_COMPLETION"": 100.0, ""Q3_DELIVERY_COMPLETION"": 91.26984583333332, ""Q4_DELIVERY_COMPLETION"": 98.24561600000001, ""Q5_DELIVERY_COMPLETION"": 95.0, ""Q6_DELIVERY_COMPLETION"": 100.00000800000007, ""Q7_DELIVERY_COMPLETION"": 93.65079833333331, ""Q8_DELIVERY_COMPLETION"": 96.82540166666666}",82764.5,900.0,943.0,True,0,1000,969,138,6.060541,True
msrcpsp_200_20_150_9_D5,hybrid_hs_ga_guided_mutation_hs150_ga850,17,90.09,98.12,66.47,93.26,"{""PROJECT_COMPLETION"": 97.97986166666634, ""Q0_DELIVERY_COMPLETION"": 100.000005, ""Q1_DELIVERY_COMPLETION"": 97.61904566666662, ""Q2_DELIVERY_COMPLETION"": 100.0, ""Q3_DELIVERY_COMPLETION"": 96.82540166666665, ""Q4_DELIVERY_COMPLETION"": 98.24561600000001, ""Q5_DELIVERY_COMPLETION"": 100.0, ""Q6_DELIVERY_COMPLETION"": 97.22223000000005, ""Q7_DELIVERY_COMPLETION"": 93.65079833333331, ""Q8_DELIVERY_COMPLETION"": 100.00000499999999}",85997.0,900.0,965.0,True,0,1000,899,138,6.133135,True
msrcpsp_200_20_150_9_D5,hybrid_hs_ga_guided_mutation_hs150_ga850,18,90.49,98.16,71.22,91.65,"{""PROJECT_COMPLETION"": 97.97986166666635, ""Q0_DELIVERY_COMPLETION"": 100.000005, ""Q1_DELIVERY_COMPLETION"": 99.99999799999995, ""Q2_DELIVERY_COMPLETION"": 100.0, ""Q3_DELIVERY_COMPLETION"": 90.47619499999999, ""Q4_DELIVERY_COMPLETION"": 100.00000200000001, ""Q5_DELIVERY_COMPLETION"": 100.0, ""Q6_DELIVERY_COMPLETION"": 100.00000800000007, ""Q7_DELIVERY_COMPLETION"": 95.23809999999999, ""Q8_DELIVERY_COMPLETION"": 98.41270333333333}",80953.7,900.0,982.0,True,0,1000,943,138,5.936139,True
msrcpsp_200_20_150_9_D5,hybrid_hs_ga_guided_mutation_hs150_ga850,19,90.31,97.22,70.95,92.5,"{""PROJECT_COMPLETION"": 97.27279049999967, ""Q0_DELIVERY_COMPLETION"": 97.77778266666667, ""Q1_DELIVERY_COMPLETION"": 90.47618866666664, ""Q2_DELIVERY_COMPLETION"": 100.0, ""Q3_DELIVERY_COMPLETION"": 94.44444916666667, ""Q4_DELIVERY_COMPLETION"": 100.00000200000001, ""Q5_DELIVERY_COMPLETION"": 100.0, ""Q6_DELIVERY_COMPLETION"": 100.00000800000007, ""Q7_DELIVERY_COMPLETION"": 93.65079833333333, ""Q8_DELIVERY_COMPLETION"": 98.41270333333333}",81234.9,900.0,973.0,True,0,1000,886,138,6.117389,True
msrcpsp_200_20_150_9_D5,hybrid_hs_ga_guided_mutation_hs150_ga850,20,91.71,99.29,67.06,96.05,"{""PROJECT_COMPLETION"": 99.292993833333, ""Q0_DELIVERY_COMPLETION"": 100.000005, ""Q1_DELIVERY_COMPLETION"": 97.61904566666664, ""Q2_DELIVERY_COMPLETION"": 100.0, ""Q3_DELIVERY_COMPLETION"": 100.00000499999999, ""Q4_DELIVERY_COMPLETION"": 100.00000200000001, ""Q5_DELIVERY_COMPLETION"": 100.0, ""Q6_DELIVERY_COMPLETION"": 100.00000800000007, ""Q7_DELIVERY_COMPLETION"": 98.41270333333333, ""Q8_DELIVERY_COMPLETION"": 97.6190525}",85370.6,900.0,937.0,True,0,1000,972,138,6.08843,True
msrcpsp_200_20_150_9_D5,hybrid_hs_ga_guided_mutation_hs150_ga850,21,90.41,99.14,62.34,95.24,"{""PROJECT_COMPLETION"": 99.19198366666635, ""Q0_DELIVERY_COMPLETION"": 100.000005, ""Q1_DELIVERY_COMPLETION"": 95.23809333333328, ""Q2_DELIVERY_COMPLETION"": 100.0, ""Q3_DELIVERY_COMPLETION"": 96.82540166666666, ""Q4_DELIVERY_COMPLETION"": 100.00000200000001, ""Q5_DELIVERY_COMPLETION"": 100.0, ""Q6_DELIVERY_COMPLETION"": 100.00000800000007, ""Q7_DELIVERY_COMPLETION"": 100.00000499999999, ""Q8_DELIVERY_COMPLETION"": 100.00000499999999}",90377.6,900.0,945.0,True,0,1000,948,138,5.90898,True
msrcpsp_200_20_150_9_D5,hybrid_hs_ga_guided_mutation_hs150_ga850,22,90.8,98.24,70.89,92.59,"{""PROJECT_COMPLETION"": 97.97986166666635, ""Q0_DELIVERY_COMPLETION"": 100.000005, ""Q1_DELIVERY_COMPLETION"": 99.99999799999995, ""Q2_DELIVERY_COMPLETION"": 100.0, ""Q3_DELIVERY_COMPLETION"": 100.00000499999999, ""Q4_DELIVERY_COMPLETION"": 100.00000200000001, ""Q5_DELIVERY_COMPLETION"": 100.0, ""Q6_DELIVERY_COMPLETION"": 92.36111850000005, ""Q7_DELIVERY_COMPLETION"": 92.8571475, ""Q8_DELIVERY_COMPLETION"": 100.00000499999999}",81301.8,900.0,972.0,True,0,1000,994,138,6.16429,True
msrcpsp_200_20_150_9_D5,hybrid_hs_ga_guided_mutation_hs150_ga850,23,91.01,98.53,66.9,95.14,"{""PROJECT_COMPLETION"": 98.38390233333301, ""Q0_DELIVERY_COMPLETION"": 100.000005, ""Q1_DELIVERY_COMPLETION"": 99.99999799999995, ""Q2_DELIVERY_COMPLETION"": 100.0, ""Q3_DELIVERY_COMPLETION"": 95.23809999999999, ""Q4_DELIVERY_COMPLETION"": 100.00000200000001, ""Q5_DELIVERY_COMPLETION"": 100.0, ""Q6_DELIVERY_COMPLETION"": 100.00000800000007, ""Q7_DELIVERY_COMPLETION"": 95.23809999999999, ""Q8_DELIVERY_COMPLETION"": 96.82540166666665}",85540.4,900.0,946.0,True,0,1000,897,138,6.052819,True
msrcpsp_200_20_150_9_D5,hybrid_hs_ga_guided_mutation_hs150_ga850,24,90.68,99.03,71.32,91.0,"{""PROJECT_COMPLETION"": 98.989963333333, ""Q0_DELIVERY_COMPLETION"": 97.77778266666667, ""Q1_DELIVERY_COMPLETION"": 99.99999799999995, ""Q2_DELIVERY_COMPLETION"": 100.0, ""Q3_DELIVERY_COMPLETION"": 96.82540166666665, ""Q4_DELIVERY_COMPLETION"": 100.00000200000001, ""Q5_DELIVERY_COMPLETION"": 100.0, ""Q6_DELIVERY_COMPLETION"": 100.00000800000007, ""Q7_DELIVERY_COMPLETION"": 100.00000499999999, ""Q8_DELIVERY_COMPLETION"": 96.82540166666665}",80841.6,900.0,989.0,True,0,1000,983,138,5.922928,True
msrcpsp_200_20_150_9_D5,hybrid_hs_ga_guided_mutation_hs150_ga850,25,91.04,99.62,68.87,92.69,"{""PROJECT_COMPLETION"": 99.596024333333, ""Q0_DELIVERY_COMPLETION"": 100.000005, ""Q1_DELIVERY_COMPLETION"": 99.99999799999995, ""Q2_DELIVERY_COMPLETION"": 100.0, ""Q3_DELIVERY_COMPLETION"": 100.00000499999999, ""Q4_DELIVERY_COMPLETION"": 100.00000200000001, ""Q5_DELIVERY_COMPLETION"": 96.66666666666667, ""Q6_DELIVERY_COMPLETION"": 100.00000800000007, ""Q7_DELIVERY_COMPLETION"": 100.00000499999999, ""Q8_DELIVERY_COMPLETION"": 100.00000499999999}",83450.3,900.0,971.0,True,0,1000,987,138,6.101278,True
msrcpsp_200_20_150_9_D5,hybrid_hs_ga_guided_mutation_hs150_ga850,26,90.18,98.93,70.5,90.18,"{""PROJECT_COMPLETION"": 98.98996333333301, ""Q0_DELIVERY_COMPLETION"": 93.333338, ""Q1_DELIVERY_COMPLETION"": 99.99999799999995, ""Q2_DELIVERY_COMPLETION"": 100.0, ""Q3_DELIVERY_COMPLETION"": 100.00000499999999, ""Q4_DELIVERY_COMPLETION"": 100.00000200000001, ""Q5_DELIVERY_COMPLETION"": 100.0, ""Q6_DELIVERY_COMPLETION"": 100.00000800000007, ""Q7_DELIVERY_COMPLETION"": 96.82540166666665, ""Q8_DELIVERY_COMPLETION"": 100.00000499999999}",81721.4,900.0,998.0,True,0,1000,913,138,6.072706,True
msrcpsp_200_20_150_9_D5,hybrid_hs_ga_guided_mutation_hs150_ga850,27,90.45,98.01,70.85,91.93,"{""PROJECT_COMPLETION"": 97.97986166666635, ""Q0_DELIVERY_COMPLETION"": 93.333338, ""Q1_DELIVERY_COMPLETION"": 99.99999799999995, ""Q2_DELIVERY_COMPLETION"": 100.0, ""Q3_DELIVERY_COMPLETION"": 100.00000499999999, ""Q4_DELIVERY_COMPLETION"": 100.00000200000001, ""Q5_DELIVERY_COMPLETION"": 98.33333333333333, ""Q6_DELIVERY_COMPLETION"": 100.00000800000007, ""Q7_DELIVERY_COMPLETION"": 93.65079833333331, ""Q8_DELIVERY_COMPLETION"": 96.82540166666665}",81341.1,900.0,979.0,True,0,1000,945,138,6.007047,True
msrcpsp_200_20_150_9_D5,hybrid_hs_ga_guided_mutation_hs150_ga850,28,90.62,98.39,66.64,94.34,"{""PROJECT_COMPLETION"": 98.18188199999967, ""Q0_DELIVERY_COMPLETION"": 100.000005, ""Q1_DELIVERY_COMPLETION"": 99.99999799999995, ""Q2_DELIVERY_COMPLETION"": 100.0, ""Q3_DELIVERY_COMPLETION"": 100.00000499999999, ""Q4_DELIVERY_COMPLETION"": 100.00000200000001, ""Q5_DELIVERY_COMPLETION"": 100.0, ""Q6_DELIVERY_COMPLETION"": 95.83334100000006, ""Q7_DELIVERY_COMPLETION"": 90.47619499999999, ""Q8_DELIVERY_COMPLETION"": 100.00000499999999}",85815.4,900.0,954.0,True,0,1000,918,138,6.140804,True
msrcpsp_200_20_150_9_D5,hybrid_hs_ga_guided_mutation_hs150_ga850,29,90.88,98.78,67.93,93.85,"{""PROJECT_COMPLETION"": 98.68693283333302, ""Q0_DELIVERY_COMPLETION"": 100.000005, ""Q1_DELIVERY_COMPLETION"": 99.99999799999995, ""Q2_DELIVERY_COMPLETION"": 100.0, ""Q3_DELIVERY_COMPLETION"": 98.41270333333333, ""Q4_DELIVERY_COMPLETION"": 100.00000200000001, ""Q5_DELIVERY_COMPLETION"": 94.16666666666666, ""Q6_DELIVERY_COMPLETION"": 100.00000800000007, ""Q7_DELIVERY_COMPLETION"": 98.41270333333331, ""Q8_DELIVERY_COMPLETION"": 98.41270333333331}",84442.3,900.0,959.0,True,0,1000,915,138,6.101756,True
msrcpsp_200_20_150_9_D5,hybrid_hs_ga_guided_mutation_hs150_ga850,30,90.36,96.88,70.45,93.36,"{""PROJECT_COMPLETION"": 97.17178033333302, ""Q0_DELIVERY_COMPLETION"": 100.000005, ""Q1_DELIVERY_COMPLETION"": 92.85714099999996, ""Q2_DELIVERY_COMPLETION"": 90.0, ""Q3_DELIVERY_COMPLETION"": 100.00000499999999, ""Q4_DELIVERY_COMPLETION"": 100.00000200000001, ""Q5_DELIVERY_COMPLETION"": 100.0, ""Q6_DELIVERY_COMPLETION"": 95.83334100000006, ""Q7_DELIVERY_COMPLETION"": 96.82540166666665, ""Q8_DELIVERY_COMPLETION"": 95.23809999999999}",81773.5,900.0,964.0,True,0,1000,968,138,5.959997,True
msrcpsp_200_20_512_10_A,hybrid_hs_ga_guided_mutation_hs150_ga850,1,69.94,79.77,54.13,66.33,"{""PROJECT_COMPLETION"": 79.70833333333333, ""Q0_DELIVERY_COMPLETION"": 80.24692000000003, ""Q1_DELIVERY_COMPLETION"": 92.59259166666665, ""Q2_DELIVERY_COMPLETION"": 80.0, ""Q3_DELIVERY_COMPLETION"": 80.30303833333338, ""Q4_DELIVERY_COMPLETION"": 77.77778400000003, ""Q5_DELIVERY_COMPLETION"": 84.12698833333333, ""Q6_DELIVERY_COMPLETION"": 75.0, ""Q7_DELIVERY_COMPLETION"": 63.54167175, ""Q8_DELIVERY_COMPLETION"": 92.47310533333336, ""Q9_DELIVERY_COMPLETION"": 71.875}",244836.0,325.0,490.0,True,0,1000,943,138,7.216662,True
msrcpsp_200_20_512_10_A,hybrid_hs_ga_guided_mutation_hs150_ga850,2,70.19,80.97,55.02,65.0,"{""PROJECT_COMPLETION"": 81.16666666666669, ""Q0_DELIVERY_COMPLETION"": 91.35803200000002, ""Q1_DELIVERY_COMPLETION"": 92.59259166666665, ""Q2_DELIVERY_COMPLETION"": 75.0, ""Q3_DELIVERY_COMPLETION"": 68.93940083333337, ""Q4_DELIVERY_COMPLETION"": 91.66667400000003, ""Q5_DELIVERY_COMPLETION"": 84.12698833333332, ""Q6_DELIVERY_COMPLETION"": 76.04166666666667, ""Q7_DELIVERY_COMPLETION"": 70.83333900000001, ""Q8_DELIVERY_COMPLETION"": 83.33332166666668, ""Q9_DELIVERY_COMPLETION"": 75.0}",241417.7,325.0,500.0,True,0,1000,915,138,7.282137,True
msrcpsp_200_20_512_10_A,hybrid_hs_ga_guided_mutation_hs150_ga850,3,70.22,81.64,52.05,65.92,"{""PROJECT_COMPLETION"": 81.125, ""Q0_DELIVERY_COMPLETION"": 81.48148800000003, ""Q1_DELIVERY_COMPLETION"": 99.99999899999997, ""Q2_DELIVERY_COMPLETION"": 80.0, ""Q3_DELIVERY_COMPLETION"": 77.6515229166667, ""Q4_DELIVERY_COMPLETION"": 76.38889499999999, ""Q5_DELIVERY_COMPLETION"": 90.47619499999999, ""Q6_DELIVERY_COMPLETION"": 77.08333333333331, ""Q7_DELIVERY_COMPLETION"": 71.87500575000001, ""Q8_DELIVERY_COMPLETION"": 87.09676200000003, ""Q9_DELIVERY_COMPLETION"": 76.5625}",252852.6,325.0,493.0,True,0,1000,858,138,7.337254,True
msrcpsp_200_20_512_10_A,hybrid_hs_ga_guided_mutation_hs150_ga850,4,68.27,76.84,56.95,63.73,"{""PROJECT_COMPLETION"": 76.66666666666669, ""Q0_DELIVERY_COMPLETION"": 84.87655000000002, ""Q1_DELIVERY_COMPLETION"": 92.59259166666665, ""Q2_DELIVERY_COMPLETION"": 70.0, ""Q3_DELIVERY_COMPLETION"": 79.54546250000004, ""Q4_DELIVERY_COMPLETION"": 81.59722875000004, ""Q5_DELIVERY_COMPLETION"": 88.49206791666666, ""Q6_DELIVERY_COMPLETION"": 76.04166666666667, ""Q7_DELIVERY_COMPLETION"": 59.02778250000001, ""Q8_DELIVERY_COMPLETION"": 74.46235516666667, ""Q9_DELIVERY_COMPLETION"": 62.5}",233984.7,325.0,510.0,True,0,1000,906,138,7.392523,True
msrcpsp_200_20_512_10_A,hybrid_hs_ga_guided_mutation_hs150_ga850,5,71.12,75.82,55.42,74.03,"{""PROJECT_COMPLETION"": 74.75000000000001, ""Q0_DELIVERY_COMPLETION"": 83.64198200000003, ""Q1_DELIVERY_COMPLETION"": 81.48148066666666, ""Q2_DELIVERY_COMPLETION"": 100.0, ""Q3_DELIVERY_COMPLETION"": 75.75758333333337, ""Q4_DELIVERY_COMPLETION"": 67.36111650000001, ""Q5_DELIVERY_COMPLETION"": 76.98413083333332, ""Q6_DELIVERY_COMPLETION"": 67.70833333333333, ""Q7_DELIVERY_COMPLETION"": 61.45833825000002, ""Q8_DELIVERY_COMPLETION"": 74.9999895, ""Q9_DELIVERY_COMPLETION"": 73.4375}",239870.9,325.0,439.0,True,0,1000,943,138,7.133017,True
msrcpsp_200_20_512_10_A,hybrid_hs_ga_guided_mutation_hs150_ga850,6,69.36,78.99,58.21,63.35,"{""PROJECT_COMPLETION"": 79.87499999999999, ""Q0_DELIVERY_COMPLETION"": 86.11111800000002, ""Q1_DELIVERY_COMPLETION"": 85.18518433333332, ""Q2_DELIVERY_COMPLETION"": 65.0, ""Q3_DELIVERY_COMPLETION"": 90.53031208333338, ""Q4_DELIVERY_COMPLETION"": 83.33334000000004, ""Q5_DELIVERY_COMPLETION"": 90.07936958333333, ""Q6_DELIVERY_COMPLETION"": 57.291666666666664, ""Q7_DELIVERY_COMPLETION"": 68.7500055, ""Q8_DELIVERY_COMPLETION"": 81.72041866666667, ""Q9_DELIVERY_COMPLETION"": 78.125}",229151.8,325.0,513.0,True,0,1000,995,138,7.361842,True
msrcpsp_200_20_512_10_A,hybrid_hs_ga_guided_mutation_hs150_ga850,7,69.21,74.8,53.02,71.27,"{""PROJECT_COMPLETION"": 76.125, ""Q0_DELIVERY_COMPLETION"": 77.46914200000003, ""Q1_DELIVERY_COMPLETION"": 77.77777699999999, ""Q2_DELIVERY_COMPLETION"": 51.66666666666667, ""Q3_DELIVERY_COMPLETION"": 74.2424316666667, ""Q4_DELIVERY_COMPLETION"": 85.41667350000003, ""Q5_DELIVERY_COMPLETION"": 94.44444916666666, ""Q6_DELIVERY_COMPLETION"": 65.625, ""Q7_DELIVERY_COMPLETION"": 65.27778300000001, ""Q8_DELIVERY_COMPLETION"": 81.72041866666669, ""Q9_DELIVERY_COMPLETION"": 68.75}",249116.0,325.0,456.0,True,0,1000,897,138,7.355029,True
msrcpsp_200_20_512_10_A,hybrid_hs_ga_guided_mutation_hs150_ga850,8,69.04,77.74,53.25,66.87,"{""PROJECT_COMPLETION"": 77.58333333333333, ""Q0_DELIVERY_COMPLETION"": 85.18519200000003, ""Q1_DELIVERY_COMPLETION"": 85.18518433333332, ""Q2_DELIVERY_COMPLETION"": 90.0, ""Q3_DELIVERY_COMPLETION"": 88.63637250000005, ""Q4_DELIVERY_COMPLETION"": 79.86111750000003, ""Q5_DELIVERY_COMPLETION"": 89.28571875, ""Q6_DELIVERY_COMPLETION"": 53.125, ""Q7_DELIVERY_COMPLETION"": 66.666672, ""Q8_DELIVERY_COMPLETION"": 74.46235516666667, ""Q9_DELIVERY_COMPLETION"": 65.625}",248244.8,325.0,486.0,True,0,1000,965,138,7.373079,True
msrcpsp_200_20_512_10_A,hybrid_hs_ga_guided_mutation_hs150_ga850,9,71.39,84.58,57.9,62.14,"{""PROJECT_COMPLETION"": 84.04166666666667, ""Q0_DELIVERY_COMPLETION"": 91.66667400000003, ""Q1_DELIVERY_COMPLETION"": 99.99999899999997, ""Q2_DELIVERY_COMPLETION"": 80.0, ""Q3_DELIVERY_COMPLETION"": 84.09091750000005, ""Q4_DELIVERY_COMPLETION"": 81.59722875000004, ""Q5_DELIVERY_COMPLETION"": 89.68254416666666, ""Q6_DELIVERY_COMPLETION"": 80.20833333333333, ""Q7_DELIVERY_COMPLETION"": 70.83333900000002, ""Q8_DELIVERY_COMPLETION"": 82.52687016666667, ""Q9_DELIVERY_COMPLETION"": 87.5}",230353.0,325.0,523.0,True,0,1000,918,138,7.268575,True
msrcpsp_200_20_512_10_A,hybrid_hs_ga_guided_mutation_hs150_ga850,10,72.06,83.18,54.4,67.85,"{""PROJECT_COMPLETION"": 83.91666666666667, ""Q0_DELIVERY_COMPLETION"": 93.20988400000003, ""Q1_DELIVERY_COMPLETION"": 81.48148066666666, ""Q2_DELIVERY_COMPLETION"": 90.0, ""Q3_DELIVERY_COMPLETION"": 90.90910000000005, ""Q4_DELIVERY_COMPLETION"": 91.31945175000006, ""Q5_DELIVERY_COMPLETION"": 83.73016291666666, ""Q6_DELIVERY_COMPLETION"": 58.33333333333333, ""Q7_DELIVERY_COMPLETION"": 72.22222800000002, ""Q8_DELIVERY_COMPLETION"": 89.24729933333336, ""Q9_DELIVERY_COMPLETION"": 78.125}",243809.4,325.0,479.0,True,0,1000,972,138,7.133893,True
msrcpsp_200_20_512_10_A,hybrid_hs_ga_guided_mutation_hs150_ga850,11,70.72,81.85,53.84,66.06,"{""PROJECT_COMPLETION"": 81.16666666666666, ""Q0_DELIVERY_COMPLETION"": 77.77778400000003, ""Q1_DELIVERY_COMPLETION"": 96.29629533333332, ""Q2_DELIVERY_COMPLETION"": 96.66666666666666, ""Q3_DELIVERY_COMPLETION"": 86.36364500000005, ""Q4_DELIVERY_COMPLETION"": 82.29167325000004, ""Q5_DELIVERY_COMPLETION"": 88.0952425, ""Q6_DELIVERY_COMPLETION"": 62.5, ""Q7_DELIVERY_COMPLETION"": 68.05556100000003, ""Q8_DELIVERY_COMPLETION"": 88.44084783333336, ""Q9_DELIVERY_COMPLETION"": 75.0}",245949.2,325.0,492.0,True,0,1000,918,138,7.369845,True
msrcpsp_200_20_512_10_A,hybrid_hs_ga_guided_mutation_hs150_ga850,12,70.09,80.36,55.19,65.39,"{""PROJECT_COMPLETION"": 80.66666666666666, ""Q0_DELIVERY_COMPLETION"": 79.32099400000001, ""Q1_DELIVERY_COMPLETION"": 90.74073983333332, ""Q2_DELIVERY_COMPLETION"": 69.99999999999999, ""Q3_DELIVERY_COMPLETION"": 100.00001000000006, ""Q4_DELIVERY_COMPLETION"": 75.00000600000001, ""Q5_DELIVERY_COMPLETION"": 84.12698833333333, ""Q6_DELIVERY_COMPLETION"": 62.49999999999999, ""Q7_DELIVERY_COMPLETION"": 72.56945025000002, ""Q8_DELIVERY_COMPLETION"": 85.21504183333336, ""Q9_DELIVERY_COMPLETION"": 82.8125}",240777.6,325.0,497.0,True,0,1000,951,138,7.305259,True
msrcpsp_200_20_512_10_A,hybrid_hs_ga_guided_mutation_hs150_ga850,13,71.14,82.45,55.05,65.79,"{""PROJECT_COMPLETION"": 82.70833333333334, ""Q0_DELIVERY_COMPLETION"": 93.51852600000004, ""Q1_DELIVERY_COMPLETION"": 87.03703616666665, ""Q2_DELIVERY_COMPLETION"": 80.0, ""Q3_DELIVERY_COMPLETION"": 86.36364500000005, ""Q4_DELIVERY_COMPLETION"": 84.02778450000004, ""Q5_DELIVERY_COMPLETION"": 94.84127458333332, ""Q6_DELIVERY_COMPLETION"": 67.70833333333333, ""Q7_DELIVERY_COMPLETION"": 69.79167225, ""Q8_DELIVERY_COMPLETION"": 80.37633283333335, ""Q9_DELIVERY_COMPLETION"": 79.6875}",241315.3,325.0,494.0,True,0,1000,951,138,7.313465,True
msrcpsp_200_20_512_10_A,hybrid_hs_ga_guided_mutation_hs150_ga850,14,71.24,83.49,54.82,64.87,"{""PROJECT_COMPLETION"": 83.62499999999999, ""Q0_DELIVERY_COMPLETION"": 91.97531600000003, ""Q1_DELIVERY_COMPLETION"": 96.29629533333332, ""Q2_DELIVERY_COMPLETION"": 75.0, ""Q3_DELIVERY_COMPLETION"": 95.45455500000006, ""Q4_DELIVERY_COMPLETION"": 84.02778450000001, ""Q5_DELIVERY_COMPLETION"": 94.04762374999999, ""Q6_DELIVERY_COMPLETION"": 68.75, ""Q7_DELIVERY_COMPLETION"": 69.44445, ""Q8_DELIVERY_COMPLETION"": 81.18278433333334, ""Q9_DELIVERY_COMPLETION"": 78.125}",242184.3,325.0,501.0,True,0,1000,990,138,7.35698,True
msrcpsp_200_20_512_10_A,hybrid_hs_ga_guided_mutation_hs150_ga850,15,70.06,81.8,56.88,62.5,"{""PROJECT_COMPLETION"": 82.79166666666667, ""Q0_DELIVERY_COMPLETION"": 84.25926600000004, ""Q1_DELIVERY_COMPLETION"": 88.888888, ""Q2_DELIVERY_COMPLETION"": 66.66666666666667, ""Q3_DELIVERY_COMPLETION"": 84.09091750000005, ""Q4_DELIVERY_COMPLETION"": 90.27778500000004, ""Q5_DELIVERY_COMPLETION"": 93.25397291666665, ""Q6_DELIVERY_COMPLETION"": 74.99999999999999, ""Q7_DELIVERY_COMPLETION"": 74.30556150000001, ""Q8_DELIVERY_COMPLETION"": 89.78493366666669, ""Q9_DELIVERY_COMPLETION"": 67.1875}",234244.0,325.0,520.0,True,0,1000,990,138,7.142035,True
msrcpsp_200_20_512_10_A,hybrid_hs_ga_guided_mutation_hs150_ga850,16,70.82,79.2,55.17,69.0,"{""PROJECT_COMPLETION"": 79.25000000000001, ""Q0_DELIVERY_COMPLETION"": 75.00000600000001, ""Q1_DELIVERY_COMPLETION"": 99.99999899999997, ""Q2_DELIVERY_COMPLETION"": 69.99999999999999, ""Q3_DELIVERY_COMPLETION"": 87.87879666666672, ""Q4_DELIVERY_COMPLETION"": 90.62500725000002, ""Q5_DELIVERY_COMPLETION"": 85.31746458333332, ""Q6_DELIVERY_COMPLETION"": 64.58333333333334, ""Q7_DELIVERY_COMPLETION"": 73.95833925000002, ""Q8_DELIVERY_COMPLETION"": 80.37633283333335, ""Q9_DELIVERY_COMPLETION"": 64.0625}",240860.3,325.0,471.0,True,0,1000,964,138,7.303525,True
msrcpsp_200_20_512_10_A,hybrid_hs_ga_guided_mutation_hs150_ga850,17,70.59,81.9,56.28,64.23,"{""PROJECT_COMPLETION"": 82.125, ""Q0_DELIVERY_COMPLETION"": 88.88889600000002, ""Q1_DELIVERY_COMPLETION"": 92.59259166666665, ""Q2_DELIVERY_COMPLETION"": 80.0, ""Q3_DELIVERY_COMPLETION"": 86.36364500000005, ""Q4_DELIVERY_COMPLETION"": 82.63889550000003, ""Q5_DELIVERY_COMPLETION"": 88.0952425, ""Q6_DELIVERY_COMPLETION"": 68.75, ""Q7_DELIVERY_COMPLETION"": 66.66667200000002, ""Q8_DELIVERY_COMPLETION"": 88.9784821666667, ""Q9_DELIVERY_COMPLETION"": 75.0}",236583.5,325.0,506.0,True,0,1000,992,138,7.906558,True
msrcpsp_200_20_512_10_A,hybrid_hs_ga_guided_mutation_hs150_ga850,18,70.6,84.08,59.84,59.41,"{""PROJECT_COMPLETION"": 84.62499999999999, ""Q0_DELIVERY_COMPLETION"": 86.11111800000002, ""Q1_DELIVERY_COMPLETION"": 81.48148066666666, ""Q2_DELIVERY_COMPLETION"": 78.33333333333334, ""Q3_DELIVERY_COMPLETION"": 92.42425166666672, ""Q4_DELIVERY_COMPLETION"": 93.75000750000005, ""Q5_DELIVERY_COMPLETION"": 90.47619499999999, ""Q6_DELIVERY_COMPLETION"": 88.54166666666667, ""Q7_DELIVERY_COMPLETION"": 59.722227000000004, ""Q8_DELIVERY_COMPLETION"": 91.12901950000003, ""Q9_DELIVERY_COMPLETION"": 76.5625}",222854.8,325.0,547.0,True,0,1000,997,138,7.322016,True
msrcpsp_200_20_512_10_A,hybrid_hs_ga_guided_mutation_hs150_ga850,19,72.1,83.34,56.18,66.74,"{""PROJECT_COMPLETION"": 82.16666666666666, ""Q0_DELIVERY_COMPLETION"": 69.13580800000001, ""Q1_DELIVERY_COMPLETION"": 99.99999899999997, ""Q2_DELIVERY_COMPLETION"": 96.66666666666666, ""Q3_DELIVERY_COMPLETION"": 87.87879666666672, ""Q4_DELIVERY_COMPLETION"": 82.63889550000003, ""Q5_DELIVERY_COMPLETION"": 86.50794083333334, ""Q6_DELIVERY_COMPLETION"": 69.79166666666666, ""Q7_DELIVERY_COMPLETION"": 72.22222800000002, ""Q8_DELIVERY_COMPLETION"": 89.24729933333334, ""Q9_DELIVERY_COMPLETION"": 84.375}",236955.8,325.0,487.0,True,0,1000,992,138,7.156119,True
msrcpsp_200_20_512_10_A,hybrid_hs_ga_guided_mutation_hs150_ga850,20,70.16,82.35,57.62,61.67,"{""PROJECT_COMPLETION"": 82.41666666666666, ""Q0_DELIVERY_COMPLETION"": 82.40741400000003, ""Q1_DELIVERY_COMPLETION"": 96.29629533333332, ""Q2_DELIVERY_COMPLETION"": 76.66666666666666, ""Q3_DELIVERY_COMPLETION"": 93.18182750000005, ""Q4_DELIVERY_COMPLETION"": 86.45834025000003, ""Q5_DELIVERY_COMPLETION"": 86.11111541666666, ""Q6_DELIVERY_COMPLETION"": 64.58333333333333, ""Q7_DELIVERY_COMPLETION"": 69.09722775000002, ""Q8_DELIVERY_COMPLETION"": 87.09676200000001, ""Q9_DELIVERY_COMPLETION"": 81.25}",231402.5,325.0,527.0,True,0,1000,994,138,7.326886,True
msrcpsp_200_20_512_10_A,hybrid_hs_ga_guided_mutation_hs150_ga850,21,70.06,81.51,56.23,63.23,"{""PROJECT_COMPLETION"": 81.91666666666667, ""Q0_DELIVERY_COMPLETION"": 80.86420400000003, ""Q1_DELIVERY_COMPLETION"": 99.99999899999997, ""Q2_DELIVERY_COMPLETION"": 71.66666666666667, ""Q3_DELIVERY_COMPLETION"": 84.46970541666671, ""Q4_DELIVERY_COMPLETION"": 85.41667350000002, ""Q5_DELIVERY_COMPLETION"": 88.88889333333334, ""Q6_DELIVERY_COMPLETION"": 62.5, ""Q7_DELIVERY_COMPLETION"": 73.95833925000001, ""Q8_DELIVERY_COMPLETION"": 92.2042881666667, ""Q9_DELIVERY_COMPLETION"": 73.4375}",236749.1,325.0,514.0,True,0,1000,967,138,7.260973,True
msrcpsp_200_20_512_10_A,hybrid_hs_ga_guided_mutation_hs150_ga850,22,69.68,81.12,57.11,62.14,"{""PROJECT_COMPLETION"": 81.125, ""Q0_DELIVERY_COMPLETION"": 85.80247600000003, ""Q1_DELIVERY_COMPLETION"": 92.59259166666665, ""Q2_DELIVERY_COMPLETION"": 86.66666666666666, ""Q3_DELIVERY_COMPLETION"": 93.93940333333339, ""Q4_DELIVERY_COMPLETION"": 87.50000700000002, ""Q5_DELIVERY_COMPLETION"": 84.92063916666666, ""Q6_DELIVERY_COMPLETION"": 59.375, ""Q7_DELIVERY_COMPLETION"": 67.01389425, ""Q8_DELIVERY_COMPLETION"": 83.06450450000001, ""Q9_DELIVERY_COMPLETION"": 70.3125}",233374.6,325.0,523.0,True,0,1000,932,138,7.384126,True
msrcpsp_200_20_512_10_A,hybrid_hs_ga_guided_mutation_hs150_ga850,23,70.16,84.44,55.47,60.19,"{""PROJECT_COMPLETION"": 84.54166666666669, ""Q0_DELIVERY_COMPLETION"": 84.25926600000003, ""Q1_DELIVERY_COMPLETION"": 99.99999899999997, ""Q2_DELIVERY_COMPLETION"": 66.66666666666666, ""Q3_DELIVERY_COMPLETION"": 91.66667583333339, ""Q4_DELIVERY_COMPLETION"": 86.45834025000003, ""Q5_DELIVERY_COMPLETION"": 92.8571475, ""Q6_DELIVERY_COMPLETION"": 89.58333333333333, ""Q7_DELIVERY_COMPLETION"": 76.73611725000002, ""Q8_DELIVERY_COMPLETION"": 83.870956, ""Q9_DELIVERY_COMPLETION"": 71.875}",239700.7,325.0,540.0,True,0,1000,989,138,7.316541,True
msrcpsp_200_20_512_10_A,hybrid_hs_ga_guided_mutation_hs150_ga850,24,70.96,81.86,57.09,64.87,"{""PROJECT_COMPLETION"": 82.20833333333334, ""Q0_DELIVERY_COMPLETION"": 90.74074800000001, ""Q1_DELIVERY_COMPLETION"": 99.99999899999997, ""Q2_DELIVERY_COMPLETION"": 71.66666666666666, ""Q3_DELIVERY_COMPLETION"": 90.90910000000005, ""Q4_DELIVERY_COMPLETION"": 81.59722875000004, ""Q5_DELIVERY_COMPLETION"": 75.79365458333334, ""Q6_DELIVERY_COMPLETION"": 64.58333333333333, ""Q7_DELIVERY_COMPLETION"": 66.31944975000002, ""Q8_DELIVERY_COMPLETION"": 92.74192250000003, ""Q9_DELIVERY_COMPLETION"": 82.8125}",233441.4,325.0,501.0,True,0,1000,908,138,7.226586,True
msrcpsp_200_20_512_10_A,hybrid_hs_ga_guided_mutation_hs150_ga850,25,72.53,83.42,56.72,67.57,"{""PROJECT_COMPLETION"": 82.45833333333333, ""Q0_DELIVERY_COMPLETION"": 79.93827800000003, ""Q1_DELIVERY_COMPLETION"": 96.29629533333332, ""Q2_DELIVERY_COMPLETION"": 100.0, ""Q3_DELIVERY_COMPLETION"": 91.66667583333339, ""Q4_DELIVERY_COMPLETION"": 81.25000650000003, ""Q5_DELIVERY_COMPLETION"": 91.66667125, ""Q6_DELIVERY_COMPLETION"": 64.58333333333333, ""Q7_DELIVERY_COMPLETION"": 75.69445050000002, ""Q8_DELIVERY_COMPLETION"": 80.64515, ""Q9_DELIVERY_COMPLETION"": 76.5625}",234892.1,325.0,481.0,True,0,1000,957,138,7.471677,True
msrcpsp_200_20_512_10_A,hybrid_hs_ga_guided_mutation_hs150_ga850,26,70.53,80.58,53.82,67.15,"{""PROJECT_COMPLETION"": 80.20833333333333, ""Q0_DELIVERY_COMPLETION"": 82.40741400000003, ""Q1_DELIVERY_COMPLETION"": 99.99999899999997, ""Q2_DELIVERY_COMPLETION"": 70.0, ""Q3_DELIVERY_COMPLETION"": 92.42425166666672, ""Q4_DELIVERY_COMPLETION"": 81.94445100000003, ""Q5_DELIVERY_COMPLETION"": 73.8095275, ""Q6_DELIVERY_COMPLETION"": 79.16666666666666, ""Q7_DELIVERY_COMPLETION"": 75.6944505, ""Q8_DELIVERY_COMPLETION"": 76.88170966666667, ""Q9_DELIVERY_COMPLETION"": 75.0}",246022.3,325.0,484.0,True,0,1000,990,138,7.299082,True
msrcpsp_200_20_512_10_A,hybrid_hs_ga_guided_mutation_hs150_ga850,27,70.92,80.95,53.73,67.85,"{""PROJECT_COMPLETION"": 81.0, ""Q0_DELIVERY_COMPLETION"": 75.61729000000001, ""Q1_DELIVERY_COMPLETION"": 96.29629533333332, ""Q2_DELIVERY_COMPLETION"": 73.33333333333334, ""Q3_DELIVERY_COMPLETION"": 90.90910000000005, ""Q4_DELIVERY_COMPLETION"": 90.27778500000005, ""Q5_DELIVERY_COMPLETION"": 78.96825791666666, ""Q6_DELIVERY_COMPLETION"": 79.16666666666666, ""Q7_DELIVERY_COMPLETION"": 67.01389425, ""Q8_DELIVERY_COMPLETION"": 88.9784821666667, ""Q9_DELIVERY_COMPLETION"": 68.75}",246396.3,325.0,479.0,True,0,1000,975,138,7.379856,True
msrcpsp_200_20_512_10_A,hybrid_hs_ga_guided_mutation_hs150_ga850,28,71.15,82.7,56.39,64.74,"{""PROJECT_COMPLETION"": 82.95833333333331, ""Q0_DELIVERY_COMPLETION"": 89.50618000000003, ""Q1_DELIVERY_COMPLETION"": 88.88888799999998, ""Q2_DELIVERY_COMPLETION"": 83.33333333333333, ""Q3_DELIVERY_COMPLETION"": 89.39394833333338, ""Q4_DELIVERY_COMPLETION"": 78.12500625000001, ""Q5_DELIVERY_COMPLETION"": 85.71428999999999, ""Q6_DELIVERY_COMPLETION"": 65.625, ""Q7_DELIVERY_COMPLETION"": 73.26389475, ""Q8_DELIVERY_COMPLETION"": 89.24729933333336, ""Q9_DELIVERY_COMPLETION"": 82.8125}",236154.8,325.0,502.0,True,0,1000,960,138,7.145444,True
msrcpsp_200_20_512_10_A,hybrid_hs_ga_guided_mutation_hs150_ga850,29,68.31,80.4,53.37,61.32,"{""PROJECT_COMPLETION"": 80.70833333333333, ""Q0_DELIVERY_COMPLETION"": 86.41976000000001, ""Q1_DELIVERY_COMPLETION"": 88.88888799999998, ""Q2_DELIVERY_COMPLETION"": 80.0, ""Q3_DELIVERY_COMPLETION"": 76.89394708333337, ""Q4_DELIVERY_COMPLETION"": 84.02778450000004, ""Q5_DELIVERY_COMPLETION"": 89.68254416666666, ""Q6_DELIVERY_COMPLETION"": 57.29166666666667, ""Q7_DELIVERY_COMPLETION"": 71.87500575000003, ""Q8_DELIVERY_COMPLETION"": 86.29031050000002, ""Q9_DELIVERY_COMPLETION"": 81.25}",247784.0,325.0,530.0,True,0,1000,974,138,7.318608,True
msrcpsp_200_20_512_10_A,hybrid_hs_ga_guided_mutation_hs150_ga850,30,71.45,81.61,56.59,66.87,"{""PROJECT_COMPLETION"": 81.5, ""Q0_DELIVERY_COMPLETION"": 79.62963600000003, ""Q1_DELIVERY_COMPLETION"": 99.99999899999997, ""Q2_DELIVERY_COMPLETION"": 70.0, ""Q3_DELIVERY_COMPLETION"": 87.50000875000005, ""Q4_DELIVERY_COMPLETION"": 90.62500725000004, ""Q5_DELIVERY_COMPLETION"": 90.47619499999999, ""Q6_DELIVERY_COMPLETION"": 66.66666666666667, ""Q7_DELIVERY_COMPLETION"": 64.93056075, ""Q8_DELIVERY_COMPLETION"": 83.870956, ""Q9_DELIVERY_COMPLETION"": 82.8125}",235393.4,325.0,486.0,True,0,1000,996,138,7.337329,True
msrcpsp_200_40_130_9_D4,hybrid_hs_ga_guided_mutation_hs150_ga850,1,86.98,95.38,48.32,98.28,"{""PROJECT_COMPLETION"": 95.45459699999994, ""Q0_DELIVERY_COMPLETION"": 92.15686366666665, ""Q1_DELIVERY_COMPLETION"": 100.00000800000007, ""Q2_DELIVERY_COMPLETION"": 90.74074799999995, ""Q3_DELIVERY_COMPLETION"": 93.93940333333339, ""Q4_DELIVERY_COMPLETION"": 87.17949066666665, ""Q5_DELIVERY_COMPLETION"": 97.61904566666662, ""Q6_DELIVERY_COMPLETION"": 99.99999799999995, ""Q7_DELIVERY_COMPLETION"": 96.49123, ""Q8_DELIVERY_COMPLETION"": 100.00000399999998}",100321.4,513.0,522.0,True,0,1000,987,138,6.653787,True
msrcpsp_200_40_130_9_D4,hybrid_hs_ga_guided_mutation_hs150_ga850,2,85.6,91.27,50.69,98.28,"{""PROJECT_COMPLETION"": 90.90913999999995, ""Q0_DELIVERY_COMPLETION"": 88.235295, ""Q1_DELIVERY_COMPLETION"": 86.11111800000005, ""Q2_DELIVERY_COMPLETION"": 88.88889599999996, ""Q3_DELIVERY_COMPLETION"": 87.87879666666672, ""Q4_DELIVERY_COMPLETION"": 88.461542, ""Q5_DELIVERY_COMPLETION"": 91.66666483333331, ""Q6_DELIVERY_COMPLETION"": 97.61904566666664, ""Q7_DELIVERY_COMPLETION"": 96.49123000000002, ""Q8_DELIVERY_COMPLETION"": 97.4359013333333}",97635.8,513.0,522.0,True,0,1000,914,138,6.438568,True
msrcpsp_200_40_130_9_D4,hybrid_hs_ga_guided_mutation_hs150_ga850,3,86.0,90.22,52.67,99.61,"{""PROJECT_COMPLETION"": 90.1515638333333, ""Q0_DELIVERY_COMPLETION"": 86.27451066666667, ""Q1_DELIVERY_COMPLETION"": 90.27778500000005, ""Q2_DELIVERY_COMPLETION"": 83.33333999999995, ""Q3_DELIVERY_COMPLETION"": 93.93940333333339, ""Q4_DELIVERY_COMPLETION"": 85.89743933333331, ""Q5_DELIVERY_COMPLETION"": 86.90476016666665, ""Q6_DELIVERY_COMPLETION"": 95.23809333333332, ""Q7_DELIVERY_COMPLETION"": 90.350879, ""Q8_DELIVERY_COMPLETION"": 100.00000399999998}",95382.1,513.0,515.0,True,0,1000,964,138,6.691313,True
msrcpsp_200_40_130_9_D4,hybrid_hs_ga_guided_mutation_hs150_ga850,4,87.42,91.45,56.32,100.0,"{""PROJECT_COMPLETION"": 91.77494133333329, ""Q0_DELIVERY_COMPLETION"": 83.33333416666667, ""Q1_DELIVERY_COMPLETION"": 97.91667450000006, ""Q2_DELIVERY_COMPLETION"": 92.59259999999996, ""Q3_DELIVERY_COMPLETION"": 90.15152416666672, ""Q4_DELIVERY_COMPLETION"": 91.02564466666665, ""Q5_DELIVERY_COMPLETION"": 78.57142699999997, ""Q6_DELIVERY_COMPLETION"": 97.61904566666664, ""Q7_DELIVERY_COMPLETION"": 98.24561600000001, ""Q8_DELIVERY_COMPLETION"": 92.30769599999998}",91238.8,513.0,513.0,True,0,1000,955,138,6.421012,True
msrcpsp_200_40_130_9_D4,hybrid_hs_ga_guided_mutation_hs150_ga850,5,86.39,91.91,50.16,100.0,"{""PROJECT_COMPLETION"": 91.77494133333327, ""Q0_DELIVERY_COMPLETION"": 85.29411849999998, ""Q1_DELIVERY_COMPLETION"": 88.88889600000005, ""Q2_DELIVERY_COMPLETION"": 92.59259999999998, ""Q3_DELIVERY_COMPLETION"": 93.18182750000005, ""Q4_DELIVERY_COMPLETION"": 92.30769599999998, ""Q5_DELIVERY_COMPLETION"": 86.90476016666665, ""Q6_DELIVERY_COMPLETION"": 97.61904566666664, ""Q7_DELIVERY_COMPLETION"": 94.736844, ""Q8_DELIVERY_COMPLETION"": 96.15384999999998}",98232.4,513.0,513.0,True,0,1000,993,138,6.639905,True
msrcpsp_200_40_130_9_D4,hybrid_hs_ga_guided_mutation_hs150_ga850,6,87.99,94.94,52.69,99.23,"{""PROJECT_COMPLETION"": 94.80524599999994, ""Q0_DELIVERY_COMPLETION"": 94.11764800000002, ""Q1_DELIVERY_COMPLETION"": 94.44445200000006, ""Q2_DELIVERY_COMPLETION"": 94.44445199999996, ""Q3_DELIVERY_COMPLETION"": 90.90910000000005, ""Q4_DELIVERY_COMPLETION"": 92.30769599999999, ""Q5_DELIVERY_COMPLETION"": 92.85714099999996, ""Q6_DELIVERY_COMPLETION"": 97.61904566666664, ""Q7_DELIVERY_COMPLETION"": 98.24561600000001, ""Q8_DELIVERY_COMPLETION"": 100.00000399999998}",95364.2,513.0,517.0,True,0,1000,949,138,6.727064,False
msrcpsp_200_40_130_9_D4,hybrid_hs_ga_guided_mutation_hs150_ga850,7,86.25,91.8,49.72,100.0,"{""PROJECT_COMPLETION"": 91.6667161666666, ""Q0_DELIVERY_COMPLETION"": 98.03921666666665, ""Q1_DELIVERY_COMPLETION"": 92.36111850000005, ""Q2_DELIVERY_COMPLETION"": 84.25926599999997, ""Q3_DELIVERY_COMPLETION"": 86.36364500000005, ""Q4_DELIVERY_COMPLETION"": 92.30769599999999, ""Q5_DELIVERY_COMPLETION"": 91.6666648333333, ""Q6_DELIVERY_COMPLETION"": 86.90476016666665, ""Q7_DELIVERY_COMPLETION"": 97.368423, ""Q8_DELIVERY_COMPLETION"": 97.43590133333332}",98730.1,513.0,513.0,True,0,1000,965,138,6.478012,True
msrcpsp_200_40_130_9_D4,hybrid_hs_ga_guided_mutation_hs150_ga850,8,87.41,93.62,51.42,100.0,"{""PROJECT_COMPLETION"": 93.83121949999995, ""Q0_DELIVERY_COMPLETION"": 94.11764799999999, ""Q1_DELIVERY_COMPLETION"": 100.00000800000007, ""Q2_DELIVERY_COMPLETION"": 89.81482199999996, ""Q3_DELIVERY_COMPLETION"": 89.39394833333338, ""Q4_DELIVERY_COMPLETION"": 82.05128533333331, ""Q5_DELIVERY_COMPLETION"": 91.6666648333333, ""Q6_DELIVERY_COMPLETION"": 96.42856949999995, ""Q7_DELIVERY_COMPLETION"": 98.24561600000001, ""Q8_DELIVERY_COMPLETION"": 100.00000399999998}",96800.7,513.0,513.0,True,0,1000,952,138,6.623326,True
msrcpsp_200_40_130_9_D4,hybrid_hs_ga_guided_mutation_hs150_ga850,9,85.57,91.32,47.36,100.0,"{""PROJECT_COMPLETION"": 91.12559033333332, ""Q0_DELIVERY_COMPLETION"": 92.15686366666667, ""Q1_DELIVERY_COMPLETION"": 88.19445150000004, ""Q2_DELIVERY_COMPLETION"": 87.03704399999997, ""Q3_DELIVERY_COMPLETION"": 86.36364500000005, ""Q4_DELIVERY_COMPLETION"": 79.48718266666665, ""Q5_DELIVERY_COMPLETION"": 97.61904566666664, ""Q6_DELIVERY_COMPLETION"": 99.99999799999995, ""Q7_DELIVERY_COMPLETION"": 98.245616, ""Q8_DELIVERY_COMPLETION"": 93.5897473333333}",101420.3,513.0,513.0,True,0,1000,950,138,6.743293,True
msrcpsp_200_40_130_9_D4,hybrid_hs_ga_guided_mutation_hs150_ga850,10,86.91,91.24,54.61,99.81,"{""PROJECT_COMPLETION"": 91.01736516666662, ""Q0_DELIVERY_COMPLETION"": 84.31372633333332, ""Q1_DELIVERY_COMPLETION"": 97.22223000000005, ""Q2_DELIVERY_COMPLETION"": 88.88889599999995, ""Q3_DELIVERY_COMPLETION"": 78.03031083333337, ""Q4_DELIVERY_COMPLETION"": 89.74359333333332, ""Q5_DELIVERY_COMPLETION"": 95.2380933333333, ""Q6_DELIVERY_COMPLETION"": 92.85714099999996, ""Q7_DELIVERY_COMPLETION"": 98.24561600000001, ""Q8_DELIVERY_COMPLETION"": 97.4359013333333}",93184.2,513.0,514.0,True,0,1000,990,138,6.453029,True
msrcpsp_200_40_130_9_D4,hybrid_hs_ga_guided_mutation_hs150_ga850,11,86.3,91.54,51.2,99.61,"{""PROJECT_COMPLETION"": 91.66671616666662, ""Q0_DELIVERY_COMPLETION"": 86.27451066666667, ""Q1_DELIVERY_COMPLETION"": 97.22223000000005, ""Q2_DELIVERY_COMPLETION"": 85.18519199999997, ""Q3_DELIVERY_COMPLETION"": 90.90910000000005, ""Q4_DELIVERY_COMPLETION"": 79.48718266666665, ""Q5_DELIVERY_COMPLETION"": 90.47618866666664, ""Q6_DELIVERY_COMPLETION"": 99.99999799999995, ""Q7_DELIVERY_COMPLETION"": 93.85965100000001, ""Q8_DELIVERY_COMPLETION"": 100.00000399999998}",97055.0,513.0,515.0,True,0,1000,973,138,6.611345,True
msrcpsp_200_40_130_9_D4,hybrid_hs_ga_guided_mutation_hs150_ga850,12,87.5,93.66,51.79,100.0,"{""PROJECT_COMPLETION"": 93.6147691666666, ""Q0_DELIVERY_COMPLETION"": 96.07843233333332, ""Q1_DELIVERY_COMPLETION"": 97.22223000000005, ""Q2_DELIVERY_COMPLETION"": 87.03704399999997, ""Q3_DELIVERY_COMPLETION"": 92.42425166666672, ""Q4_DELIVERY_COMPLETION"": 94.87179866666665, ""Q5_DELIVERY_COMPLETION"": 86.90476016666665, ""Q6_DELIVERY_COMPLETION"": 96.42856949999995, ""Q7_DELIVERY_COMPLETION"": 92.105265, ""Q8_DELIVERY_COMPLETION"": 100.00000399999998}",96380.3,513.0,513.0,True,0,1000,959,138,6.405784,True
msrcpsp_200_40_130_9_D4,hybrid_hs_ga_guided_mutation_hs150_ga850,13,86.34,89.03,56.37,100.0,"{""PROJECT_COMPLETION"": 89.39398766666663, ""Q0_DELIVERY_COMPLETION"": 94.11764799999999, ""Q1_DELIVERY_COMPLETION"": 97.22223000000005, ""Q2_DELIVERY_COMPLETION"": 80.55556199999997, ""Q3_DELIVERY_COMPLETION"": 84.84849333333338, ""Q4_DELIVERY_COMPLETION"": 71.79487466666666, ""Q5_DELIVERY_COMPLETION"": 92.85714099999998, ""Q6_DELIVERY_COMPLETION"": 95.2380933333333, ""Q7_DELIVERY_COMPLETION"": 94.736844, ""Q8_DELIVERY_COMPLETION"": 88.46154199999998}",91177.4,513.0,513.0,True,0,1000,952,138,6.567912,True
msrcpsp_200_40_130_9_D4,hybrid_hs_ga_guided_mutation_hs150_ga850,14,87.87,93.31,54.41,100.0,"{""PROJECT_COMPLETION"": 93.07364333333328, ""Q0_DELIVERY_COMPLETION"": 92.15686366666665, ""Q1_DELIVERY_COMPLETION"": 100.00000800000007, ""Q2_DELIVERY_COMPLETION"": 96.29630399999995, ""Q3_DELIVERY_COMPLETION"": 78.03031083333337, ""Q4_DELIVERY_COMPLETION"": 100.00000399999998, ""Q5_DELIVERY_COMPLETION"": 92.85714099999998, ""Q6_DELIVERY_COMPLETION"": 90.47618866666664, ""Q7_DELIVERY_COMPLETION"": 94.736844, ""Q8_DELIVERY_COMPLETION"": 96.15384999999998}",93405.7,513.0,513.0,True,0,1000,938,138,6.633091,True
msrcpsp_200_40_130_9_D4,hybrid_hs_ga_guided_mutation_hs150_ga850,15,85.61,87.62,55.91,100.0,"{""PROJECT_COMPLETION"": 87.66238499999999, ""Q0_DELIVERY_COMPLETION"": 89.21568716666667, ""Q1_DELIVERY_COMPLETION"": 86.80556250000004, ""Q2_DELIVERY_COMPLETION"": 84.25926599999997, ""Q3_DELIVERY_COMPLETION"": 82.57576583333338, ""Q4_DELIVERY_COMPLETION"": 71.79487466666664, ""Q5_DELIVERY_COMPLETION"": 90.47618866666663, ""Q6_DELIVERY_COMPLETION"": 95.2380933333333, ""Q7_DELIVERY_COMPLETION"": 98.24561600000001, ""Q8_DELIVERY_COMPLETION"": 89.74359333333332}",91699.9,513.0,513.0,True,0,1000,970,138,6.53879,True
msrcpsp_200_40_130_9_D4,hybrid_hs_ga_guided_mutation_hs150_ga850,16,87.4,94.93,49.42,99.42,"{""PROJECT_COMPLETION"": 94.5887956666666, ""Q0_DELIVERY_COMPLETION"": 96.07843233333332, ""Q1_DELIVERY_COMPLETION"": 94.44445200000006, ""Q2_DELIVERY_COMPLETION"": 90.74074799999995, ""Q3_DELIVERY_COMPLETION"": 90.90910000000005, ""Q4_DELIVERY_COMPLETION"": 100.00000399999998, ""Q5_DELIVERY_COMPLETION"": 95.23809333333332, ""Q6_DELIVERY_COMPLETION"": 95.2380933333333, ""Q7_DELIVERY_COMPLETION"": 92.98245800000001, ""Q8_DELIVERY_COMPLETION"": 100.00000399999998}",99080.9,513.0,516.0,True,0,1000,994,138,6.652515,True
msrcpsp_200_40_130_9_D4,hybrid_hs_ga_guided_mutation_hs150_ga850,17,88.04,95.54,50.93,99.61,"{""PROJECT_COMPLETION"": 95.12992149999992, ""Q0_DELIVERY_COMPLETION"": 93.13725583333333, ""Q1_DELIVERY_COMPLETION"": 93.75000750000005, ""Q2_DELIVERY_COMPLETION"": 87.96296999999996, ""Q3_DELIVERY_COMPLETION"": 92.42425166666672, ""Q4_DELIVERY_COMPLETION"": 100.00000399999998, ""Q5_DELIVERY_COMPLETION"": 97.61904566666664, ""Q6_DELIVERY_COMPLETION"": 99.99999799999995, ""Q7_DELIVERY_COMPLETION"": 96.49123, ""Q8_DELIVERY_COMPLETION"": 100.00000399999998}",97363.6,513.0,515.0,True,0,1000,978,138,6.413983,True
msrcpsp_200_40_130_9_D4,hybrid_hs_ga_guided_mutation_hs150_ga850,18,87.62,92.79,54.32,100.0,"{""PROJECT_COMPLETION"": 92.64074266666664, ""Q0_DELIVERY_COMPLETION"": 85.2941185, ""Q1_DELIVERY_COMPLETION"": 95.83334100000006, ""Q2_DELIVERY_COMPLETION"": 92.59259999999996, ""Q3_DELIVERY_COMPLETION"": 90.90910000000005, ""Q4_DELIVERY_COMPLETION"": 97.43590133333332, ""Q5_DELIVERY_COMPLETION"": 92.85714099999998, ""Q6_DELIVERY_COMPLETION"": 90.47618866666663, ""Q7_DELIVERY_COMPLETION"": 90.350879, ""Q8_DELIVERY_COMPLETION"": 100.00000399999998}",93508.8,513.0,513.0,True,0,1000,998,138,6.683639,True
msrcpsp_200_40_130_9_D4,hybrid_hs_ga_guided_mutation_hs150_ga850,19,85.76,90.99,49.08,100.0,"{""PROJECT_COMPLETION"": 91.12559033333328, ""Q0_DELIVERY_COMPLETION"": 94.11764799999999, ""Q1_DELIVERY_COMPLETION"": 95.83334100000005, ""Q2_DELIVERY_COMPLETION"": 72.22222799999999, ""Q3_DELIVERY_COMPLETION"": 92.42425166666672, ""Q4_DELIVERY_COMPLETION"": 92.30769599999998, ""Q5_DELIVERY_COMPLETION"": 83.33333166666664, ""Q6_DELIVERY_COMPLETION"": 88.0952363333333, ""Q7_DELIVERY_COMPLETION"": 100.00000200000001, ""Q8_DELIVERY_COMPLETION"": 100.00000399999998}",99457.4,513.0,513.0,True,0,1000,995,138,6.639232,True
msrcpsp_200_40_130_9_D4,hybrid_hs_ga_guided_mutation_hs150_ga850,20,86.72,93.17,48.98,100.0,"{""PROJECT_COMPLETION"": 93.18186849999994, ""Q0_DELIVERY_COMPLETION"": 87.25490283333333, ""Q1_DELIVERY_COMPLETION"": 95.83334100000006, ""Q2_DELIVERY_COMPLETION"": 88.88889599999997, ""Q3_DELIVERY_COMPLETION"": 91.66667583333339, ""Q4_DELIVERY_COMPLETION"": 89.74359333333332, ""Q5_DELIVERY_COMPLETION"": 90.47618866666664, ""Q6_DELIVERY_COMPLETION"": 96.42856949999995, ""Q7_DELIVERY_COMPLETION"": 98.24561600000001, ""Q8_DELIVERY_COMPLETION"": 100.00000399999998}",99578.8,513.0,513.0,True,0,1000,995,138,6.487819,True
msrcpsp_200_40_130_9_D4,hybrid_hs_ga_guided_mutation_hs150_ga850,21,86.86,93.98,48.88,99.42,"{""PROJECT_COMPLETION"": 93.83121949999993, ""Q0_DELIVERY_COMPLETION"": 90.19607933333333, ""Q1_DELIVERY_COMPLETION"": 95.83334100000006, ""Q2_DELIVERY_COMPLETION"": 87.03704399999998, ""Q3_DELIVERY_COMPLETION"": 89.39394833333338, ""Q4_DELIVERY_COMPLETION"": 92.30769599999998, ""Q5_DELIVERY_COMPLETION"": 91.66666483333333, ""Q6_DELIVERY_COMPLETION"": 99.99999799999995, ""Q7_DELIVERY_COMPLETION"": 100.00000200000001, ""Q8_DELIVERY_COMPLETION"": 100.00000399999998}",99690.7,513.0,516.0,True,0,1000,988,138,6.716307,True
msrcpsp_200_40_130_9_D4,hybrid_hs_ga_guided_mutation_hs150_ga850,22,88.91,94.24,57.51,100.0,"{""PROJECT_COMPLETION"": 94.26412016666659, ""Q0_DELIVERY_COMPLETION"": 86.27451066666666, ""Q1_DELIVERY_COMPLETION"": 97.91667450000006, ""Q2_DELIVERY_COMPLETION"": 88.88889599999997, ""Q3_DELIVERY_COMPLETION"": 93.93940333333339, ""Q4_DELIVERY_COMPLETION"": 97.43590133333332, ""Q5_DELIVERY_COMPLETION"": 90.47618866666664, ""Q6_DELIVERY_COMPLETION"": 99.99999799999995, ""Q7_DELIVERY_COMPLETION"": 98.245616, ""Q8_DELIVERY_COMPLETION"": 94.87179866666665}",89887.4,513.0,513.0,True,0,1000,993,138,6.6541,True
msrcpsp_200_40_130_9_D4,hybrid_hs_ga_guided_mutation_hs150_ga850,23,86.9,94.38,51.17,97.71,"{""PROJECT_COMPLETION"": 94.37234533333327, ""Q0_DELIVERY_COMPLETION"": 92.15686366666665, ""Q1_DELIVERY_COMPLETION"": 95.83334100000005, ""Q2_DELIVERY_COMPLETION"": 88.88889599999996, ""Q3_DELIVERY_COMPLETION"": 95.45455500000006, ""Q4_DELIVERY_COMPLETION"": 97.43590133333332, ""Q5_DELIVERY_COMPLETION"": 92.85714099999996, ""Q6_DELIVERY_COMPLETION"": 92.85714099999996, ""Q7_DELIVERY_COMPLETION"": 96.49123000000002, ""Q8_DELIVERY_COMPLETION"": 97.4359013333333}",97085.8,513.0,525.0,True,0,1000,998,138,6.411325,True
msrcpsp_200_40_130_9_D4,hybrid_hs_ga_guided_mutation_hs150_ga850,24,86.6,91.39,52.39,100.0,"{""PROJECT_COMPLETION"": 91.55849099999993, ""Q0_DELIVERY_COMPLETION"": 81.37254983333332, ""Q1_DELIVERY_COMPLETION"": 98.61111900000006, ""Q2_DELIVERY_COMPLETION"": 92.59259999999998, ""Q3_DELIVERY_COMPLETION"": 86.36364500000005, ""Q4_DELIVERY_COMPLETION"": 91.02564466666665, ""Q5_DELIVERY_COMPLETION"": 83.33333166666667, ""Q6_DELIVERY_COMPLETION"": 92.85714099999996, ""Q7_DELIVERY_COMPLETION"": 98.24561600000001, ""Q8_DELIVERY_COMPLETION"": 97.4359013333333}",95701.8,513.0,513.0,True,0,1000,997,138,6.681132,True
msrcpsp_200_40_130_9_D4,hybrid_hs_ga_guided_mutation_hs150_ga850,25,86.22,90.02,55.59,98.84,"{""PROJECT_COMPLETION"": 89.71866316666663, ""Q0_DELIVERY_COMPLETION"": 89.21568716666665, ""Q1_DELIVERY_COMPLETION"": 91.66667400000004, ""Q2_DELIVERY_COMPLETION"": 87.03704399999995, ""Q3_DELIVERY_COMPLETION"": 81.06061416666671, ""Q4_DELIVERY_COMPLETION"": 88.46154199999998, ""Q5_DELIVERY_COMPLETION"": 85.714284, ""Q6_DELIVERY_COMPLETION"": 95.2380933333333, ""Q7_DELIVERY_COMPLETION"": 92.98245800000001, ""Q8_DELIVERY_COMPLETION"": 100.00000399999998}",92063.7,513.0,519.0,True,0,1000,978,138,6.427458,True
msrcpsp_200_40_130_9_D4,hybrid_hs_ga_guided_mutation_hs150_ga850,26,87.65,93.14,53.7,100.0,"{""PROJECT_COMPLETION"": 92.85719299999992, ""Q0_DELIVERY_COMPLETION"": 92.15686366666665, ""Q1_DELIVERY_COMPLETION"": 95.13889650000004, ""Q2_DELIVERY_COMPLETION"": 94.44445199999996, ""Q3_DELIVERY_COMPLETION"": 84.84849333333338, ""Q4_DELIVERY_COMPLETION"": 100.00000399999998, ""Q5_DELIVERY_COMPLETION"": 86.90476016666665, ""Q6_DELIVERY_COMPLETION"": 92.85714099999996, ""Q7_DELIVERY_COMPLETION"": 92.98245800000001, ""Q8_DELIVERY_COMPLETION"": 100.00000399999998}",94208.7,513.0,513.0,True,0,1000,999,138,6.60264,True
msrcpsp_200_40_130_9_D4,hybrid_hs_ga_guided_mutation_hs150_ga850,27,86.4,93.09,47.55,100.0,"{""PROJECT_COMPLETION"": 93.29009366666659, ""Q0_DELIVERY_COMPLETION"": 84.31372633333334, ""Q1_DELIVERY_COMPLETION"": 98.61111900000006, ""Q2_DELIVERY_COMPLETION"": 81.48148799999997, ""Q3_DELIVERY_COMPLETION"": 96.96970666666672, ""Q4_DELIVERY_COMPLETION"": 92.30769599999998, ""Q5_DELIVERY_COMPLETION"": 99.99999799999995, ""Q6_DELIVERY_COMPLETION"": 92.85714099999996, ""Q7_DELIVERY_COMPLETION"": 98.24561600000001, ""Q8_DELIVERY_COMPLETION"": 92.30769599999998}",101204.9,513.0,513.0,True,0,1000,990,138,6.685745,True
msrcpsp_200_40_130_9_D4,hybrid_hs_ga_guided_mutation_hs150_ga850,28,87.65,95.77,47.76,100.0,"{""PROJECT_COMPLETION"": 95.67104733333326, ""Q0_DELIVERY_COMPLETION"": 88.235295, ""Q1_DELIVERY_COMPLETION"": 96.52778550000005, ""Q2_DELIVERY_COMPLETION"": 98.14815599999996, ""Q3_DELIVERY_COMPLETION"": 95.45455500000006, ""Q4_DELIVERY_COMPLETION"": 94.87179866666665, ""Q5_DELIVERY_COMPLETION"": 95.2380933333333, ""Q6_DELIVERY_COMPLETION"": 99.99999799999995, ""Q7_DELIVERY_COMPLETION"": 93.85965100000001, ""Q8_DELIVERY_COMPLETION"": 100.00000399999998}",100963.4,513.0,513.0,True,0,1000,991,138,6.41957,True
msrcpsp_200_40_130_9_D4,hybrid_hs_ga_guided_mutation_hs150_ga850,29,87.65,93.89,52.0,100.0,"{""PROJECT_COMPLETION"": 93.72299433333328, ""Q0_DELIVERY_COMPLETION"": 85.29411850000001, ""Q1_DELIVERY_COMPLETION"": 100.00000800000007, ""Q2_DELIVERY_COMPLETION"": 92.59259999999996, ""Q3_DELIVERY_COMPLETION"": 87.87879666666672, ""Q4_DELIVERY_COMPLETION"": 100.00000399999998, ""Q5_DELIVERY_COMPLETION"": 90.47618866666664, ""Q6_DELIVERY_COMPLETION"": 96.42856949999995, ""Q7_DELIVERY_COMPLETION"": 92.98245800000001, ""Q8_DELIVERY_COMPLETION"": 100.00000399999998}",96148.1,513.0,513.0,True,0,1000,987,138,6.606298,True
msrcpsp_200_40_130_9_D4,hybrid_hs_ga_guided_mutation_hs150_ga850,30,86.87,90.53,55.64,100.0,"{""PROJECT_COMPLETION"": 90.36801416666661, ""Q0_DELIVERY_COMPLETION"": 87.25490283333335, ""Q1_DELIVERY_COMPLETION"": 93.05556300000005, ""Q2_DELIVERY_COMPLETION"": 92.59259999999996, ""Q3_DELIVERY_COMPLETION"": 79.54546250000004, ""Q4_DELIVERY_COMPLETION"": 89.74359333333332, ""Q5_DELIVERY_COMPLETION"": 85.71428399999998, ""Q6_DELIVERY_COMPLETION"": 95.2380933333333, ""Q7_DELIVERY_COMPLETION"": 97.368423, ""Q8_DELIVERY_COMPLETION"": 94.87179866666665}",92013.9,513.0,513.0,True,0,1000,987,138,6.463198,True
msrcpsp_200_40_512_10_A,hybrid_hs_ga_guided_mutation_hs150_ga850,1,78.88,88.7,52.97,81.07,"{""PROJECT_COMPLETION"": 88.41666666666667, ""Q0_DELIVERY_COMPLETION"": 89.70588325, ""Q1_DELIVERY_COMPLETION"": 81.81819000000004, ""Q2_DELIVERY_COMPLETION"": 86.45834025000003, ""Q3_DELIVERY_COMPLETION"": 90.38461899999999, ""Q4_DELIVERY_COMPLETION"": 95.83334100000006, ""Q5_DELIVERY_COMPLETION"": 81.37254983333334, ""Q6_DELIVERY_COMPLETION"": 85.06945125000004, ""Q7_DELIVERY_COMPLETION"": 97.05882449999999, ""Q8_DELIVERY_COMPLETION"": 95.00000475, ""Q9_DELIVERY_COMPLETION"": 85.493834}",259970.2,287.0,354.0,True,0,1000,993,138,8.389129,True
msrcpsp_200_40_512_10_A,hybrid_hs_ga_guided_mutation_hs150_ga850,2,79.16,88.73,48.86,84.16,"{""PROJECT_COMPLETION"": 88.5, ""Q0_DELIVERY_COMPLETION"": 91.17647149999998, ""Q1_DELIVERY_COMPLETION"": 87.50000875000005, ""Q2_DELIVERY_COMPLETION"": 90.62500725000004, ""Q3_DELIVERY_COMPLETION"": 86.53846499999999, ""Q4_DELIVERY_COMPLETION"": 89.58334050000005, ""Q5_DELIVERY_COMPLETION"": 86.27451066666666, ""Q6_DELIVERY_COMPLETION"": 85.41667350000004, ""Q7_DELIVERY_COMPLETION"": 92.15686366666667, ""Q8_DELIVERY_COMPLETION"": 95.00000475, ""Q9_DELIVERY_COMPLETION"": 83.950624}",277485.9,287.0,341.0,True,0,1000,962,138,8.427955,True
msrcpsp_200_40_512_10_A,hybrid_hs_ga_guided_mutation_hs150_ga850,3,77.51,84.51,51.84,83.19,"{""PROJECT_COMPLETION"": 83.83333333333333, ""Q0_DELIVERY_COMPLETION"": 83.33333416666666, ""Q1_DELIVERY_COMPLETION"": 89.01516041666672, ""Q2_DELIVERY_COMPLETION"": 75.34722825000003, ""Q3_DELIVERY_COMPLETION"": 86.53846499999999, ""Q4_DELIVERY_COMPLETION"": 92.70834075000005, ""Q5_DELIVERY_COMPLETION"": 79.4117655, ""Q6_DELIVERY_COMPLETION"": 70.48611675000002, ""Q7_DELIVERY_COMPLETION"": 97.05882449999999, ""Q8_DELIVERY_COMPLETION"": 96.6666715, ""Q9_DELIVERY_COMPLETION"": 77.46914200000002}",264799.6,287.0,345.0,True,0,1000,994,138,8.144199,True
msrcpsp_200_40_512_10_A,hybrid_hs_ga_guided_mutation_hs150_ga850,4,77.52,86.84,55.37,78.2,"{""PROJECT_COMPLETION"": 86.5, ""Q0_DELIVERY_COMPLETION"": 85.2941185, ""Q1_DELIVERY_COMPLETION"": 86.36364500000005, ""Q2_DELIVERY_COMPLETION"": 80.90278425000004, ""Q3_DELIVERY_COMPLETION"": 82.69231099999999, ""Q4_DELIVERY_COMPLETION"": 96.87500775000005, ""Q5_DELIVERY_COMPLETION"": 90.68627541666665, ""Q6_DELIVERY_COMPLETION"": 77.77778400000004, ""Q7_DELIVERY_COMPLETION"": 95.09804016666665, ""Q8_DELIVERY_COMPLETION"": 93.333338, ""Q9_DELIVERY_COMPLETION"": 80.86420400000002}",249768.2,287.0,367.0,True,0,1000,995,138,8.404442,True
msrcpsp_200_40_512_10_A,hybrid_hs_ga_guided_mutation_hs150_ga850,5,77.07,83.64,55.28,81.07,"{""PROJECT_COMPLETION"": 83.41666666666666, ""Q0_DELIVERY_COMPLETION"": 69.60784383333335, ""Q1_DELIVERY_COMPLETION"": 76.13637125000004, ""Q2_DELIVERY_COMPLETION"": 85.76389575000005, ""Q3_DELIVERY_COMPLETION"": 98.07692699999998, ""Q4_DELIVERY_COMPLETION"": 95.83334100000005, ""Q5_DELIVERY_COMPLETION"": 70.58823600000001, ""Q6_DELIVERY_COMPLETION"": 83.33334000000004, ""Q7_DELIVERY_COMPLETION"": 92.64705975, ""Q8_DELIVERY_COMPLETION"": 87.22222658333332, ""Q9_DELIVERY_COMPLETION"": 78.08642600000002}",250123.3,287.0,354.0,True,0,1000,905,138,8.419415,True
msrcpsp_200_40_512_10_A,hybrid_hs_ga_guided_mutation_hs150_ga850,6,79.0,89.99,55.69,78.2,"{""PROJECT_COMPLETION"": 89.41666666666667, ""Q0_DELIVERY_COMPLETION"": 87.74509891666666, ""Q1_DELIVERY_COMPLETION"": 94.31819125000005, ""Q2_DELIVERY_COMPLETION"": 83.33334000000004, ""Q3_DELIVERY_COMPLETION"": 90.38461899999999, ""Q4_DELIVERY_COMPLETION"": 89.58334050000005, ""Q5_DELIVERY_COMPLETION"": 98.03921666666665, ""Q6_DELIVERY_COMPLETION"": 91.66667400000004, ""Q7_DELIVERY_COMPLETION"": 97.05882449999999, ""Q8_DELIVERY_COMPLETION"": 93.333338, ""Q9_DELIVERY_COMPLETION"": 76.85185800000002}",248384.4,287.0,367.0,True,0,1000,995,138,8.437709,True
msrcpsp_200_40_512_10_A,hybrid_hs_ga_guided_mutation_hs150_ga850,7,78.87,92.04,51.51,77.57,"{""PROJECT_COMPLETION"": 91.58333333333333, ""Q0_DELIVERY_COMPLETION"": 88.235295, ""Q1_DELIVERY_COMPLETION"": 96.59091875000006, ""Q2_DELIVERY_COMPLETION"": 80.55556200000004, ""Q3_DELIVERY_COMPLETION"": 100.00000399999998, ""Q4_DELIVERY_COMPLETION"": 96.87500775000007, ""Q5_DELIVERY_COMPLETION"": 94.11764799999999, ""Q6_DELIVERY_COMPLETION"": 93.05556300000005, ""Q7_DELIVERY_COMPLETION"": 97.05882449999999, ""Q8_DELIVERY_COMPLETION"": 91.66667125, ""Q9_DELIVERY_COMPLETION"": 84.25926600000003}",266202.1,287.0,370.0,True,0,1000,999,138,8.167985,True
msrcpsp_200_40_512_10_A,hybrid_hs_ga_guided_mutation_hs150_ga850,8,77.93,86.04,54.6,80.85,"{""PROJECT_COMPLETION"": 84.99999999999999, ""Q0_DELIVERY_COMPLETION"": 88.72549108333331, ""Q1_DELIVERY_COMPLETION"": 85.98485708333338, ""Q2_DELIVERY_COMPLETION"": 73.95833925000001, ""Q3_DELIVERY_COMPLETION"": 96.15384999999998, ""Q4_DELIVERY_COMPLETION"": 88.19445150000004, ""Q5_DELIVERY_COMPLETION"": 88.235295, ""Q6_DELIVERY_COMPLETION"": 70.48611675000004, ""Q7_DELIVERY_COMPLETION"": 96.56862841666666, ""Q8_DELIVERY_COMPLETION"": 95.00000475, ""Q9_DELIVERY_COMPLETION"": 81.48148800000003}",253024.3,287.0,355.0,True,0,1000,973,138,8.449405,True
msrcpsp_200_40_512_10_A,hybrid_hs_ga_guided_mutation_hs150_ga850,9,78.72,88.46,52.67,81.07,"{""PROJECT_COMPLETION"": 88.08333333333331, ""Q0_DELIVERY_COMPLETION"": 88.72549108333332, ""Q1_DELIVERY_COMPLETION"": 92.80303958333339, ""Q2_DELIVERY_COMPLETION"": 83.33334000000005, ""Q3_DELIVERY_COMPLETION"": 86.53846499999999, ""Q4_DELIVERY_COMPLETION"": 98.95834125000006, ""Q5_DELIVERY_COMPLETION"": 90.19607933333333, ""Q6_DELIVERY_COMPLETION"": 82.29167325000004, ""Q7_DELIVERY_COMPLETION"": 96.07843233333332, ""Q8_DELIVERY_COMPLETION"": 91.11111566666668, ""Q9_DELIVERY_COMPLETION"": 76.23457400000002}",261261.5,287.0,354.0,True,0,1000,987,138,8.313109,True
msrcpsp_200_40_512_10_A,hybrid_hs_ga_guided_mutation_hs150_ga850,10,77.24,86.0,57.67,77.15,"{""PROJECT_COMPLETION"": 85.37499999999999, ""Q0_DELIVERY_COMPLETION"": 85.2941185, ""Q1_DELIVERY_COMPLETION"": 91.66667583333339, ""Q2_DELIVERY_COMPLETION"": 82.29167325000003, ""Q3_DELIVERY_COMPLETION"": 88.46154199999998, ""Q4_DELIVERY_COMPLETION"": 92.36111850000003, ""Q5_DELIVERY_COMPLETION"": 97.05882449999999, ""Q6_DELIVERY_COMPLETION"": 78.81945075000003, ""Q7_DELIVERY_COMPLETION"": 83.82353024999999, ""Q8_DELIVERY_COMPLETION"": 91.66667125000001, ""Q9_DELIVERY_COMPLETION"": 71.29630200000001}",239944.1,287.0,372.0,True,0,1000,949,138,8.140757,True
msrcpsp_200_40_512_10_A,hybrid_hs_ga_guided_mutation_hs150_ga850,11,77.85,88.24,51.58,79.5,"{""PROJECT_COMPLETION"": 87.875, ""Q0_DELIVERY_COMPLETION"": 77.45098116666666, ""Q1_DELIVERY_COMPLETION"": 93.93940333333339, ""Q2_DELIVERY_COMPLETION"": 80.20833975000004, ""Q3_DELIVERY_COMPLETION"": 100.00000399999998, ""Q4_DELIVERY_COMPLETION"": 95.83334100000006, ""Q5_DELIVERY_COMPLETION"": 88.72549108333332, ""Q6_DELIVERY_COMPLETION"": 83.33334000000005, ""Q7_DELIVERY_COMPLETION"": 94.11764799999999, ""Q8_DELIVERY_COMPLETION"": 86.66667100000001, ""Q9_DELIVERY_COMPLETION"": 83.64198200000001}",265900.4,287.0,361.0,True,0,1000,978,138,8.360537,True
msrcpsp_200_40_512_10_A,hybrid_hs_ga_guided_mutation_hs150_ga850,12,77.62,88.07,54.94,77.15,"{""PROJECT_COMPLETION"": 87.16666666666664, ""Q0_DELIVERY_COMPLETION"": 95.09804016666665, ""Q1_DELIVERY_COMPLETION"": 92.42425166666672, ""Q2_DELIVERY_COMPLETION"": 89.58334050000003, ""Q3_DELIVERY_COMPLETION"": 96.15384999999998, ""Q4_DELIVERY_COMPLETION"": 85.41667350000004, ""Q5_DELIVERY_COMPLETION"": 94.60784408333333, ""Q6_DELIVERY_COMPLETION"": 79.86111750000003, ""Q7_DELIVERY_COMPLETION"": 92.64705975, ""Q8_DELIVERY_COMPLETION"": 87.77778216666665, ""Q9_DELIVERY_COMPLETION"": 70.98766000000002}",251587.2,287.0,372.0,True,0,1000,956,138,8.349753,True
msrcpsp_200_40_512_10_A,hybrid_hs_ga_guided_mutation_hs150_ga850,13,78.47,88.06,54.33,79.94,"{""PROJECT_COMPLETION"": 87.49999999999999, ""Q0_DELIVERY_COMPLETION"": 88.235295, ""Q1_DELIVERY_COMPLETION"": 83.33334166666671, ""Q2_DELIVERY_COMPLETION"": 89.23611825000003, ""Q3_DELIVERY_COMPLETION"": 97.4359013333333, ""Q4_DELIVERY_COMPLETION"": 98.95834125000006, ""Q5_DELIVERY_COMPLETION"": 94.11764799999999, ""Q6_DELIVERY_COMPLETION"": 72.91667250000003, ""Q7_DELIVERY_COMPLETION"": 91.17647149999999, ""Q8_DELIVERY_COMPLETION"": 86.666671, ""Q9_DELIVERY_COMPLETION"": 80.86420400000002}",254194.7,287.0,359.0,True,0,1000,973,138,8.260917,True
msrcpsp_200_40_512_10_A,hybrid_hs_ga_guided_mutation_hs150_ga850,14,80.61,89.92,53.01,84.41,"{""PROJECT_COMPLETION"": 89.37499999999999, ""Q0_DELIVERY_COMPLETION"": 86.76470674999999, ""Q1_DELIVERY_COMPLETION"": 95.07576708333339, ""Q2_DELIVERY_COMPLETION"": 80.55556200000004, ""Q3_DELIVERY_COMPLETION"": 100.00000399999998, ""Q4_DELIVERY_COMPLETION"": 97.56945225000005, ""Q5_DELIVERY_COMPLETION"": 83.82353025, ""Q6_DELIVERY_COMPLETION"": 86.11111800000005, ""Q7_DELIVERY_COMPLETION"": 97.05882449999999, ""Q8_DELIVERY_COMPLETION"": 93.333338, ""Q9_DELIVERY_COMPLETION"": 81.172846}",259796.7,287.0,340.0,True,0,1000,994,138,8.399197,True
msrcpsp_200_40_512_10_A,hybrid_hs_ga_guided_mutation_hs150_ga850,15,80.46,92.4,53.7,80.39,"{""PROJECT_COMPLETION"": 91.66666666666666, ""Q0_DELIVERY_COMPLETION"": 98.52941274999998, ""Q1_DELIVERY_COMPLETION"": 95.45455500000006, ""Q2_DELIVERY_COMPLETION"": 82.98611775000003, ""Q3_DELIVERY_COMPLETION"": 100.00000399999998, ""Q4_DELIVERY_COMPLETION"": 89.58334050000005, ""Q5_DELIVERY_COMPLETION"": 93.13725583333333, ""Q6_DELIVERY_COMPLETION"": 85.41667350000004, ""Q7_DELIVERY_COMPLETION"": 97.05882449999999, ""Q8_DELIVERY_COMPLETION"": 96.6666715, ""Q9_DELIVERY_COMPLETION"": 88.27161200000002}",256862.2,287.0,357.0,True,0,1000,995,138,8.350233,True
msrcpsp_200_40_512_10_A,hybrid_hs_ga_guided_mutation_hs150_ga850,16,80.7,89.89,54.83,83.67,"{""PROJECT_COMPLETION"": 90.20833333333331, ""Q0_DELIVERY_COMPLETION"": 89.21568716666665, ""Q1_DELIVERY_COMPLETION"": 92.80303958333339, ""Q2_DELIVERY_COMPLETION"": 84.37500675000004, ""Q3_DELIVERY_COMPLETION"": 76.92307999999998, ""Q4_DELIVERY_COMPLETION"": 96.87500775000005, ""Q5_DELIVERY_COMPLETION"": 83.82353025, ""Q6_DELIVERY_COMPLETION"": 96.87500775000007, ""Q7_DELIVERY_COMPLETION"": 92.64705974999998, ""Q8_DELIVERY_COMPLETION"": 96.6666715, ""Q9_DELIVERY_COMPLETION"": 87.34568600000003}",252080.6,287.0,343.0,True,0,1000,941,138,8.12337,True
msrcpsp_200_40_512_10_A,hybrid_hs_ga_guided_mutation_hs150_ga850,17,79.49,84.76,55.9,86.19,"{""PROJECT_COMPLETION"": 84.58333333333334, ""Q0_DELIVERY_COMPLETION"": 86.27451066666666, ""Q1_DELIVERY_COMPLETION"": 88.63637250000005, ""Q2_DELIVERY_COMPLETION"": 92.36111850000005, ""Q3_DELIVERY_COMPLETION"": 84.61538799999998, ""Q4_DELIVERY_COMPLETION"": 87.15278475000005, ""Q5_DELIVERY_COMPLETION"": 76.470589, ""Q6_DELIVERY_COMPLETION"": 92.36111850000005, ""Q7_DELIVERY_COMPLETION"": 80.39215766666666, ""Q8_DELIVERY_COMPLETION"": 92.77778241666665, ""Q9_DELIVERY_COMPLETION"": 67.283956}",247492.5,287.0,333.0,True,0,1000,975,138,8.547322,True
msrcpsp_200_40_512_10_A,hybrid_hs_ga_guided_mutation_hs150_ga850,18,78.19,90.15,51.62,77.99,"{""PROJECT_COMPLETION"": 89.16666666666667, ""Q0_DELIVERY_COMPLETION"": 91.17647149999999, ""Q1_DELIVERY_COMPLETION"": 94.31819125000005, ""Q2_DELIVERY_COMPLETION"": 85.06945125000003, ""Q3_DELIVERY_COMPLETION"": 100.00000399999998, ""Q4_DELIVERY_COMPLETION"": 94.79167425000004, ""Q5_DELIVERY_COMPLETION"": 100.00000099999998, ""Q6_DELIVERY_COMPLETION"": 80.20833975000005, ""Q7_DELIVERY_COMPLETION"": 98.52941274999999, ""Q8_DELIVERY_COMPLETION"": 89.44444891666666, ""Q9_DELIVERY_COMPLETION"": 72.22222800000002}",265718.2,287.0,368.0,True,0,1000,983,138,8.34932,True
msrcpsp_200_40_512_10_A,hybrid_hs_ga_guided_mutation_hs150_ga850,19,77.99,86.16,54.21,81.07,"{""PROJECT_COMPLETION"": 85.95833333333331, ""Q0_DELIVERY_COMPLETION"": 92.64705974999998, ""Q1_DELIVERY_COMPLETION"": 87.87879666666672, ""Q2_DELIVERY_COMPLETION"": 86.45834025000005, ""Q3_DELIVERY_COMPLETION"": 80.12820833333332, ""Q4_DELIVERY_COMPLETION"": 81.25000650000001, ""Q5_DELIVERY_COMPLETION"": 85.2941185, ""Q6_DELIVERY_COMPLETION"": 84.37500675000004, ""Q7_DELIVERY_COMPLETION"": 95.09804016666665, ""Q8_DELIVERY_COMPLETION"": 87.22222658333332, ""Q9_DELIVERY_COMPLETION"": 82.09877200000001}",254681.6,287.0,354.0,True,0,1000,951,138,8.154111,True
msrcpsp_200_40_512_10_A,hybrid_hs_ga_guided_mutation_hs150_ga850,20,76.61,86.7,52.61,77.36,"{""PROJECT_COMPLETION"": 85.83333333333334, ""Q0_DELIVERY_COMPLETION"": 91.17647149999999, ""Q1_DELIVERY_COMPLETION"": 92.04546375000005, ""Q2_DELIVERY_COMPLETION"": 77.08333950000004, ""Q3_DELIVERY_COMPLETION"": 92.30769599999998, ""Q4_DELIVERY_COMPLETION"": 90.62500725000005, ""Q5_DELIVERY_COMPLETION"": 79.4117655, ""Q6_DELIVERY_COMPLETION"": 79.86111750000003, ""Q7_DELIVERY_COMPLETION"": 100.00000099999998, ""Q8_DELIVERY_COMPLETION"": 95.00000475, ""Q9_DELIVERY_COMPLETION"": 73.14815400000002}",261506.8,287.0,371.0,True,0,1000,996,138,8.44225,True
msrcpsp_200_40_512_10_A,hybrid_hs_ga_guided_mutation_hs150_ga850,21,77.63,85.31,53.51,81.53,"{""PROJECT_COMPLETION"": 84.70833333333331, ""Q0_DELIVERY_COMPLETION"": 76.470589, ""Q1_DELIVERY_COMPLETION"": 91.28788791666672, ""Q2_DELIVERY_COMPLETION"": 86.45834025000005, ""Q3_DELIVERY_COMPLETION"": 98.07692699999998, ""Q4_DELIVERY_COMPLETION"": 87.50000700000004, ""Q5_DELIVERY_COMPLETION"": 96.07843233333332, ""Q6_DELIVERY_COMPLETION"": 78.12500625000004, ""Q7_DELIVERY_COMPLETION"": 91.17647149999999, ""Q8_DELIVERY_COMPLETION"": 78.33333725, ""Q9_DELIVERY_COMPLETION"": 72.22222800000002}",257704.8,287.0,352.0,True,0,1000,951,138,8.507606,True
msrcpsp_200_40_512_10_A,hybrid_hs_ga_guided_mutation_hs150_ga850,22,79.36,86.78,56.79,82.71,"{""PROJECT_COMPLETION"": 86.79166666666666, ""Q0_DELIVERY_COMPLETION"": 88.235295, ""Q1_DELIVERY_COMPLETION"": 86.74243291666671, ""Q2_DELIVERY_COMPLETION"": 88.88889600000005, ""Q3_DELIVERY_COMPLETION"": 80.76923399999998, ""Q4_DELIVERY_COMPLETION"": 91.31945175000006, ""Q5_DELIVERY_COMPLETION"": 90.19607933333332, ""Q6_DELIVERY_COMPLETION"": 92.01389625000004, ""Q7_DELIVERY_COMPLETION"": 92.64705975, ""Q8_DELIVERY_COMPLETION"": 81.66667075, ""Q9_DELIVERY_COMPLETION"": 75.30864800000003}",243688.1,287.0,347.0,True,0,1000,925,138,8.454771,True
msrcpsp_200_40_512_10_A,hybrid_hs_ga_guided_mutation_hs150_ga850,23,77.18,88.87,54.81,74.93,"{""PROJECT_COMPLETION"": 88.54166666666666, ""Q0_DELIVERY_COMPLETION"": 91.66666758333332, ""Q1_DELIVERY_COMPLETION"": 89.39394833333338, ""Q2_DELIVERY_COMPLETION"": 81.25000650000003, ""Q3_DELIVERY_COMPLETION"": 90.38461899999999, ""Q4_DELIVERY_COMPLETION"": 91.66667400000004, ""Q5_DELIVERY_COMPLETION"": 89.21568716666667, ""Q6_DELIVERY_COMPLETION"": 91.66667400000006, ""Q7_DELIVERY_COMPLETION"": 95.09804016666665, ""Q8_DELIVERY_COMPLETION"": 88.33333775, ""Q9_DELIVERY_COMPLETION"": 81.48148800000001}",252127.0,287.0,383.0,True,0,1000,987,138,8.185617,True
msrcpsp_200_40_512_10_A,hybrid_hs_ga_guided_mutation_hs150_ga850,24,76.93,90.03,48.51,76.33,"{""PROJECT_COMPLETION"": 89.375, ""Q0_DELIVERY_COMPLETION"": 88.23529500000001, ""Q1_DELIVERY_COMPLETION"": 88.25758458333338, ""Q2_DELIVERY_COMPLETION"": 81.94445100000003, ""Q3_DELIVERY_COMPLETION"": 98.07692699999998, ""Q4_DELIVERY_COMPLETION"": 95.48611875000005, ""Q5_DELIVERY_COMPLETION"": 97.05882449999999, ""Q6_DELIVERY_COMPLETION"": 94.09722975000004, ""Q7_DELIVERY_COMPLETION"": 86.76470675, ""Q8_DELIVERY_COMPLETION"": 96.6666715, ""Q9_DELIVERY_COMPLETION"": 76.54321600000003}",278989.9,287.0,376.0,True,0,1000,948,138,8.435119,True
msrcpsp_200_40_512_10_A,hybrid_hs_ga_guided_mutation_hs150_ga850,25,78.75,88.52,52.29,81.3,"{""PROJECT_COMPLETION"": 87.75, ""Q0_DELIVERY_COMPLETION"": 91.17647149999999, ""Q1_DELIVERY_COMPLETION"": 91.66667583333339, ""Q2_DELIVERY_COMPLETION"": 76.38889500000002, ""Q3_DELIVERY_COMPLETION"": 90.38461899999999, ""Q4_DELIVERY_COMPLETION"": 95.83334100000006, ""Q5_DELIVERY_COMPLETION"": 98.03921666666665, ""Q6_DELIVERY_COMPLETION"": 78.12500625000004, ""Q7_DELIVERY_COMPLETION"": 89.21568716666665, ""Q8_DELIVERY_COMPLETION"": 98.33333825000001, ""Q9_DELIVERY_COMPLETION"": 79.32099400000001}",262882.5,287.0,353.0,True,0,1000,988,138,8.499913,True
msrcpsp_200_40_512_10_A,hybrid_hs_ga_guided_mutation_hs150_ga850,26,78.38,88.71,53.19,79.5,"{""PROJECT_COMPLETION"": 87.75, ""Q0_DELIVERY_COMPLETION"": 92.64705974999998, ""Q1_DELIVERY_COMPLETION"": 93.18182750000005, ""Q2_DELIVERY_COMPLETION"": 78.12500625000004, ""Q3_DELIVERY_COMPLETION"": 98.07692699999998, ""Q4_DELIVERY_COMPLETION"": 90.62500725000004, ""Q5_DELIVERY_COMPLETION"": 91.66666758333335, ""Q6_DELIVERY_COMPLETION"": 79.16667300000005, ""Q7_DELIVERY_COMPLETION"": 98.52941274999999, ""Q8_DELIVERY_COMPLETION"": 91.66667125, ""Q9_DELIVERY_COMPLETION"": 77.46914200000002}",259027.5,287.0,361.0,True,0,1000,967,138,8.240765,True
msrcpsp_200_40_512_10_A,hybrid_hs_ga_guided_mutation_hs150_ga850,27,77.35,81.15,56.43,84.41,"{""PROJECT_COMPLETION"": 80.875, ""Q0_DELIVERY_COMPLETION"": 75.00000075000001, ""Q1_DELIVERY_COMPLETION"": 95.07576708333339, ""Q2_DELIVERY_COMPLETION"": 62.50000500000003, ""Q3_DELIVERY_COMPLETION"": 90.38461899999999, ""Q4_DELIVERY_COMPLETION"": 91.66667400000004, ""Q5_DELIVERY_COMPLETION"": 85.2941185, ""Q6_DELIVERY_COMPLETION"": 85.41667350000004, ""Q7_DELIVERY_COMPLETION"": 82.352942, ""Q8_DELIVERY_COMPLETION"": 73.33333699999999, ""Q9_DELIVERY_COMPLETION"": 71.604944}",245242.8,287.0,340.0,True,0,1000,969,138,8.462533,True
msrcpsp_200_40_512_10_A,hybrid_hs_ga_guided_mutation_hs150_ga850,28,77.99,88.26,53.75,78.63,"{""PROJECT_COMPLETION"": 88.20833333333334, ""Q0_DELIVERY_COMPLETION"": 92.15686366666665, ""Q1_DELIVERY_COMPLETION"": 92.04546375000005, ""Q2_DELIVERY_COMPLETION"": 90.97222950000005, ""Q3_DELIVERY_COMPLETION"": 84.61538799999998, ""Q4_DELIVERY_COMPLETION"": 88.19445150000004, ""Q5_DELIVERY_COMPLETION"": 78.43137333333333, ""Q6_DELIVERY_COMPLETION"": 86.11111800000003, ""Q7_DELIVERY_COMPLETION"": 92.64705975, ""Q8_DELIVERY_COMPLETION"": 93.333338, ""Q9_DELIVERY_COMPLETION"": 84.25926600000003}",256679.0,287.0,365.0,True,0,1000,983,138,8.366078,True
msrcpsp_200_40_512_10_A,hybrid_hs_ga_guided_mutation_hs150_ga850,29,78.26,84.15,51.6,85.93,"{""PROJECT_COMPLETION"": 83.29166666666667, ""Q0_DELIVERY_COMPLETION"": 77.45098116666666, ""Q1_DELIVERY_COMPLETION"": 93.18182750000005, ""Q2_DELIVERY_COMPLETION"": 69.79167225000003, ""Q3_DELIVERY_COMPLETION"": 96.15384999999998, ""Q4_DELIVERY_COMPLETION"": 88.54167375000004, ""Q5_DELIVERY_COMPLETION"": 90.68627541666665, ""Q6_DELIVERY_COMPLETION"": 72.56945025000003, ""Q7_DELIVERY_COMPLETION"": 79.4117655, ""Q8_DELIVERY_COMPLETION"": 98.33333825, ""Q9_DELIVERY_COMPLETION"": 79.01235200000002}",265828.8,287.0,334.0,True,0,1000,961,138,8.15259,True
msrcpsp_200_40_512_10_A,hybrid_hs_ga_guided_mutation_hs150_ga850,30,77.11,88.75,56.72,73.78,"{""PROJECT_COMPLETION"": 88.08333333333334, ""Q0_DELIVERY_COMPLETION"": 89.70588324999999, ""Q1_DELIVERY_COMPLETION"": 93.18182750000005, ""Q2_DELIVERY_COMPLETION"": 72.56945025000003, ""Q3_DELIVERY_COMPLETION"": 100.00000399999998, ""Q4_DELIVERY_COMPLETION"": 92.70834075000005, ""Q5_DELIVERY_COMPLETION"": 84.31372633333332, ""Q6_DELIVERY_COMPLETION"": 87.15278475000004, ""Q7_DELIVERY_COMPLETION"": 94.11764799999999, ""Q8_DELIVERY_COMPLETION"": 93.333338, ""Q9_DELIVERY_COMPLETION"": 83.33334}",243995.7,287.0,389.0,True,0,1000,987,138,8.34148,True
msrcpsp_500_20_512_10_A,hybrid_hs_ga_guided_mutation_hs150_ga850,1,49.04,73.55,44.59,20.08,"{""PROJECT_COMPLETION"": 72.71666666666708, ""Q0_DELIVERY_COMPLETION"": 92.857154, ""Q1_DELIVERY_COMPLETION"": 46.0, ""Q2_DELIVERY_COMPLETION"": 77.0270355, ""Q3_DELIVERY_COMPLETION"": 68.8405625, ""Q4_DELIVERY_COMPLETION"": 75.52083333333334, ""Q5_DELIVERY_COMPLETION"": 79.16666666666667, ""Q6_DELIVERY_COMPLETION"": 70.17544000000001, ""Q7_DELIVERY_COMPLETION"": 71.15384900000001, ""Q8_DELIVERY_COMPLETION"": 74.50247191666662, ""Q9_DELIVERY_COMPLETION"": 83.87095600000002}",722019.9,207.0,1031.0,True,0,1000,989,138,17.514936,True
msrcpsp_500_20_512_10_A,hybrid_hs_ga_guided_mutation_hs150_ga850,2,49.43,73.23,42.98,22.52,"{""PROJECT_COMPLETION"": 72.85000000000042, ""Q0_DELIVERY_COMPLETION"": 84.52381966666667, ""Q1_DELIVERY_COMPLETION"": 55.5, ""Q2_DELIVERY_COMPLETION"": 92.56757775000001, ""Q3_DELIVERY_COMPLETION"": 65.33814791666667, ""Q4_DELIVERY_COMPLETION"": 70.44270833333334, ""Q5_DELIVERY_COMPLETION"": 84.375, ""Q6_DELIVERY_COMPLETION"": 75.43859800000001, ""Q7_DELIVERY_COMPLETION"": 58.97436133333333, ""Q8_DELIVERY_COMPLETION"": 82.21391308333328, ""Q9_DELIVERY_COMPLETION"": 64.51611999999999}",739347.4,207.0,919.0,True,0,1000,993,138,17.425794,True
msrcpsp_500_20_512_10_A,hybrid_hs_ga_guided_mutation_hs150_ga850,3,50.74,76.89,42.79,21.65,"{""PROJECT_COMPLETION"": 76.26666666666719, ""Q0_DELIVERY_COMPLETION"": 86.30953416666667, ""Q1_DELIVERY_COMPLETION"": 65.0, ""Q2_DELIVERY_COMPLETION"": 93.01802825, ""Q3_DELIVERY_COMPLETION"": 73.1883875, ""Q4_DELIVERY_COMPLETION"": 76.43229166666666, ""Q5_DELIVERY_COMPLETION"": 76.171875, ""Q6_DELIVERY_COMPLETION"": 71.05263300000003, ""Q7_DELIVERY_COMPLETION"": 72.11538750000001, ""Q8_DELIVERY_COMPLETION"": 79.22883908333328, ""Q9_DELIVERY_COMPLETION"": 79.03224700000001}",741384.7,207.0,956.0,True,0,1000,996,138,17.810443,True
msrcpsp_500_20_512_10_A,hybrid_hs_ga_guided_mutation_hs150_ga850,4,49.96,73.88,43.38,22.97,"{""PROJECT_COMPLETION"": 73.45000000000047, ""Q0_DELIVERY_COMPLETION"": 88.09524866666666, ""Q1_DELIVERY_COMPLETION"": 61.0, ""Q2_DELIVERY_COMPLETION"": 87.16217175000001, ""Q3_DELIVERY_COMPLETION"": 75.3623, ""Q4_DELIVERY_COMPLETION"": 68.75, ""Q5_DELIVERY_COMPLETION"": 75.78125, ""Q6_DELIVERY_COMPLETION"": 76.315791, ""Q7_DELIVERY_COMPLETION"": 58.33333566666665, ""Q8_DELIVERY_COMPLETION"": 82.08953499999996, ""Q9_DELIVERY_COMPLETION"": 67.74192599999999}",735048.1,207.0,901.0,True,0,1000,965,138,17.479806,True
msrcpsp_500_20_512_10_A,hybrid_hs_ga_guided_mutation_hs150_ga850,5,50.44,76.51,42.69,21.34,"{""PROJECT_COMPLETION"": 75.9333333333338, ""Q0_DELIVERY_COMPLETION"": 83.33334333333333, ""Q1_DELIVERY_COMPLETION"": 59.0, ""Q2_DELIVERY_COMPLETION"": 88.28829800000001, ""Q3_DELIVERY_COMPLETION"": 76.69080208333334, ""Q4_DELIVERY_COMPLETION"": 72.91666666666666, ""Q5_DELIVERY_COMPLETION"": 80.98958333333334, ""Q6_DELIVERY_COMPLETION"": 84.64912450000004, ""Q7_DELIVERY_COMPLETION"": 63.461541000000004, ""Q8_DELIVERY_COMPLETION"": 79.2288390833333, ""Q9_DELIVERY_COMPLETION"": 79.03224700000001}",742383.1,207.0,970.0,True,0,1000,950,138,17.464562,True
msrcpsp_500_20_512_10_A,hybrid_hs_ga_guided_mutation_hs150_ga850,6,49.49,73.93,45.13,20.58,"{""PROJECT_COMPLETION"": 73.81666666666713, ""Q0_DELIVERY_COMPLETION"": 80.95239066666667, ""Q1_DELIVERY_COMPLETION"": 51.0, ""Q2_DELIVERY_COMPLETION"": 87.16217175000001, ""Q3_DELIVERY_COMPLETION"": 72.46375, ""Q4_DELIVERY_COMPLETION"": 77.34375, ""Q5_DELIVERY_COMPLETION"": 78.12500000000001, ""Q6_DELIVERY_COMPLETION"": 78.07017700000003, ""Q7_DELIVERY_COMPLETION"": 64.10256666666665, ""Q8_DELIVERY_COMPLETION"": 81.96515691666663, ""Q9_DELIVERY_COMPLETION"": 68.54837749999999}",716291.3,207.0,1006.0,True,0,1000,995,138,17.72471,True
msrcpsp_500_20_512_10_A,hybrid_hs_ga_guided_mutation_hs150_ga850,7,50.25,76.36,43.42,20.58,"{""PROJECT_COMPLETION"": 76.33333333333385, ""Q0_DELIVERY_COMPLETION"": 95.23810666666665, ""Q1_DELIVERY_COMPLETION"": 60.0, ""Q2_DELIVERY_COMPLETION"": 87.38739699999999, ""Q3_DELIVERY_COMPLETION"": 81.1594, ""Q4_DELIVERY_COMPLETION"": 79.16666666666667, ""Q5_DELIVERY_COMPLETION"": 82.94270833333334, ""Q6_DELIVERY_COMPLETION"": 63.596492500000004, ""Q7_DELIVERY_COMPLETION"": 61.85897683333332, ""Q8_DELIVERY_COMPLETION"": 81.46764458333328, ""Q9_DELIVERY_COMPLETION"": 70.967732}",734570.6,207.0,1006.0,True,0,1000,990,138,17.387178,True
msrcpsp_500_20_512_10_A,hybrid_hs_ga_guided_mutation_hs150_ga850,8,50.06,77.52,43.7,18.38,"{""PROJECT_COMPLETION"": 77.6666666666672, ""Q0_DELIVERY_COMPLETION"": 81.54762883333333, ""Q1_DELIVERY_COMPLETION"": 65.5, ""Q2_DELIVERY_COMPLETION"": 87.16217175000001, ""Q3_DELIVERY_COMPLETION"": 74.6376625, ""Q4_DELIVERY_COMPLETION"": 71.484375, ""Q5_DELIVERY_COMPLETION"": 84.765625, ""Q6_DELIVERY_COMPLETION"": 73.68421200000002, ""Q7_DELIVERY_COMPLETION"": 72.43590033333334, ""Q8_DELIVERY_COMPLETION"": 90.79600083333328, ""Q9_DELIVERY_COMPLETION"": 72.580635}",731579.9,207.0,1126.0,True,0,1000,999,138,17.70314,True
msrcpsp_500_20_512_10_A,hybrid_hs_ga_guided_mutation_hs150_ga850,9,50.79,76.61,43.67,21.68,"{""PROJECT_COMPLETION"": 75.71666666666717, ""Q0_DELIVERY_COMPLETION"": 94.04763033333333, ""Q1_DELIVERY_COMPLETION"": 56.0, ""Q2_DELIVERY_COMPLETION"": 91.891902, ""Q3_DELIVERY_COMPLETION"": 67.27051458333334, ""Q4_DELIVERY_COMPLETION"": 79.16666666666666, ""Q5_DELIVERY_COMPLETION"": 74.34895833333334, ""Q6_DELIVERY_COMPLETION"": 80.70175600000002, ""Q7_DELIVERY_COMPLETION"": 69.55128483333334, ""Q8_DELIVERY_COMPLETION"": 83.58207199999995, ""Q9_DELIVERY_COMPLETION"": 73.3870865}",731951.4,207.0,955.0,True,0,1000,993,138,17.371075,True
msrcpsp_500_20_512_10_A,hybrid_hs_ga_guided_mutation_hs150_ga850,10,49.98,76.28,42.74,20.31,"{""PROJECT_COMPLETION"": 74.81666666666715, ""Q0_DELIVERY_COMPLETION"": 94.04763033333333, ""Q1_DELIVERY_COMPLETION"": 48.5, ""Q2_DELIVERY_COMPLETION"": 87.61262225, ""Q3_DELIVERY_COMPLETION"": 66.06278541666667, ""Q4_DELIVERY_COMPLETION"": 69.27083333333333, ""Q5_DELIVERY_COMPLETION"": 79.03645833333333, ""Q6_DELIVERY_COMPLETION"": 87.71930000000002, ""Q7_DELIVERY_COMPLETION"": 66.98718216666666, ""Q8_DELIVERY_COMPLETION"": 82.71142541666663, ""Q9_DELIVERY_COMPLETION"": 87.09676200000003}",741937.6,207.0,1019.0,True,0,1000,999,138,17.628788,True
msrcpsp_500_20_512_10_A,hybrid_hs_ga_guided_mutation_hs150_ga850,11,49.36,74.68,43.93,19.9,"{""PROJECT_COMPLETION"": 73.93333333333378, ""Q0_DELIVERY_COMPLETION"": 85.11905783333333, ""Q1_DELIVERY_COMPLETION"": 57.5, ""Q2_DELIVERY_COMPLETION"": 84.68469400000001, ""Q3_DELIVERY_COMPLETION"": 76.32848333333334, ""Q4_DELIVERY_COMPLETION"": 70.3125, ""Q5_DELIVERY_COMPLETION"": 68.22916666666666, ""Q6_DELIVERY_COMPLETION"": 79.82456300000001, ""Q7_DELIVERY_COMPLETION"": 68.2692335, ""Q8_DELIVERY_COMPLETION"": 80.72137608333328, ""Q9_DELIVERY_COMPLETION"": 79.03224700000001}",729110.7,207.0,1040.0,True,0,1000,994,138,17.49767,True
msrcpsp_500_20_512_10_A,hybrid_hs_ga_guided_mutation_hs150_ga850,12,50.27,75.88,42.18,21.97,"{""PROJECT_COMPLETION"": 75.38333333333377, ""Q0_DELIVERY_COMPLETION"": 88.69048683333332, ""Q1_DELIVERY_COMPLETION"": 70.0, ""Q2_DELIVERY_COMPLETION"": 77.70271125, ""Q3_DELIVERY_COMPLETION"": 68.35747083333334, ""Q4_DELIVERY_COMPLETION"": 64.19270833333331, ""Q5_DELIVERY_COMPLETION"": 86.97916666666667, ""Q6_DELIVERY_COMPLETION"": 73.68421200000002, ""Q7_DELIVERY_COMPLETION"": 59.61538699999999, ""Q8_DELIVERY_COMPLETION"": 89.42784191666662, ""Q9_DELIVERY_COMPLETION"": 82.25805300000002}",747896.2,207.0,942.0,True,0,1000,995,138,17.641909,True
msrcpsp_500_20_512_10_A,hybrid_hs_ga_guided_mutation_hs150_ga850,13,50.25,77.21,43.58,19.4,"{""PROJECT_COMPLETION"": 76.95000000000049, ""Q0_DELIVERY_COMPLETION"": 88.69048683333332, ""Q1_DELIVERY_COMPLETION"": 74.5, ""Q2_DELIVERY_COMPLETION"": 82.20721625000002, ""Q3_DELIVERY_COMPLETION"": 70.77292916666667, ""Q4_DELIVERY_COMPLETION"": 77.21354166666666, ""Q5_DELIVERY_COMPLETION"": 83.20312500000001, ""Q6_DELIVERY_COMPLETION"": 75.00000150000002, ""Q7_DELIVERY_COMPLETION"": 63.46154099999999, ""Q8_DELIVERY_COMPLETION"": 83.95520624999995, ""Q9_DELIVERY_COMPLETION"": 74.193538}",732875.7,207.0,1067.0,True,0,1000,990,138,17.627115,True
msrcpsp_500_20_512_10_A,hybrid_hs_ga_guided_mutation_hs150_ga850,14,49.29,75.19,42.51,19.87,"{""PROJECT_COMPLETION"": 74.68333333333379, ""Q0_DELIVERY_COMPLETION"": 83.33334333333333, ""Q1_DELIVERY_COMPLETION"": 61.5, ""Q2_DELIVERY_COMPLETION"": 94.594605, ""Q3_DELIVERY_COMPLETION"": 74.75843541666667, ""Q4_DELIVERY_COMPLETION"": 73.69791666666666, ""Q5_DELIVERY_COMPLETION"": 81.51041666666667, ""Q6_DELIVERY_COMPLETION"": 76.31579100000002, ""Q7_DELIVERY_COMPLETION"": 48.71795066666666, ""Q8_DELIVERY_COMPLETION"": 82.21391308333328, ""Q9_DELIVERY_COMPLETION"": 77.41934400000001}",744349.1,207.0,1042.0,True,0,1000,993,138,17.880072,True
msrcpsp_500_20_512_10_A,hybrid_hs_ga_guided_mutation_hs150_ga850,15,48.25,70.88,43.23,22.02,"{""PROJECT_COMPLETION"": 70.61666666666707, ""Q0_DELIVERY_COMPLETION"": 80.95239066666667, ""Q1_DELIVERY_COMPLETION"": 45.0, ""Q2_DELIVERY_COMPLETION"": 88.51352325, ""Q3_DELIVERY_COMPLETION"": 73.67147916666667, ""Q4_DELIVERY_COMPLETION"": 66.015625, ""Q5_DELIVERY_COMPLETION"": 73.69791666666667, ""Q6_DELIVERY_COMPLETION"": 79.82456300000001, ""Q7_DELIVERY_COMPLETION"": 58.97436133333333, ""Q8_DELIVERY_COMPLETION"": 81.96515691666661, ""Q9_DELIVERY_COMPLETION"": 61.29031399999999}",736658.8,207.0,940.0,True,0,1000,998,138,17.578858,True
msrcpsp_500_20_512_10_A,hybrid_hs_ga_guided_mutation_hs150_ga850,16,50.36,76.21,42.7,21.5,"{""PROJECT_COMPLETION"": 75.6833333333338, ""Q0_DELIVERY_COMPLETION"": 79.76191433333334, ""Q1_DELIVERY_COMPLETION"": 70.0, ""Q2_DELIVERY_COMPLETION"": 94.594605, ""Q3_DELIVERY_COMPLETION"": 69.80674583333334, ""Q4_DELIVERY_COMPLETION"": 72.78645833333333, ""Q5_DELIVERY_COMPLETION"": 77.34375, ""Q6_DELIVERY_COMPLETION"": 77.19298400000001, ""Q7_DELIVERY_COMPLETION"": 61.85897683333332, ""Q8_DELIVERY_COMPLETION"": 84.45271858333328, ""Q9_DELIVERY_COMPLETION"": 76.6128925}",742356.7,207.0,963.0,True,0,1000,992,138,17.682969,True
msrcpsp_500_20_512_10_A,hybrid_hs_ga_guided_mutation_hs150_ga850,17,49.2,74.4,43.28,20.18,"{""PROJECT_COMPLETION"": 73.80000000000044, ""Q0_DELIVERY_COMPLETION"": 88.09524866666666, ""Q1_DELIVERY_COMPLETION"": 50.0, ""Q2_DELIVERY_COMPLETION"": 83.55856775000001, ""Q3_DELIVERY_COMPLETION"": 70.04829166666667, ""Q4_DELIVERY_COMPLETION"": 80.20833333333334, ""Q5_DELIVERY_COMPLETION"": 79.03645833333333, ""Q6_DELIVERY_COMPLETION"": 79.38596650000002, ""Q7_DELIVERY_COMPLETION"": 58.333335666666656, ""Q8_DELIVERY_COMPLETION"": 79.72635141666662, ""Q9_DELIVERY_COMPLETION"": 78.2257955}",736130.9,207.0,1026.0,True,0,1000,996,138,17.516828,True
msrcpsp_500_20_512_10_A,hybrid_hs_ga_guided_mutation_hs150_ga850,18,49.62,74.17,43.84,21.36,"{""PROJECT_COMPLETION"": 73.51666666666712, ""Q0_DELIVERY_COMPLETION"": 91.66667766666666, ""Q1_DELIVERY_COMPLETION"": 61.5, ""Q2_DELIVERY_COMPLETION"": 81.08109, ""Q3_DELIVERY_COMPLETION"": 69.32365416666667, ""Q4_DELIVERY_COMPLETION"": 72.91666666666666, ""Q5_DELIVERY_COMPLETION"": 69.53125, ""Q6_DELIVERY_COMPLETION"": 82.01754550000003, ""Q7_DELIVERY_COMPLETION"": 60.57692549999999, ""Q8_DELIVERY_COMPLETION"": 86.56714599999997, ""Q9_DELIVERY_COMPLETION"": 69.354829}",730070.9,207.0,969.0,True,0,1000,954,138,17.838695,True
msrcpsp_500_20_512_10_A,hybrid_hs_ga_guided_mutation_hs150_ga850,19,49.89,76.65,43.88,18.92,"{""PROJECT_COMPLETION"": 75.6666666666671, ""Q0_DELIVERY_COMPLETION"": 90.47620133333332, ""Q1_DELIVERY_COMPLETION"": 61.0, ""Q2_DELIVERY_COMPLETION"": 91.4414515, ""Q3_DELIVERY_COMPLETION"": 67.02896875, ""Q4_DELIVERY_COMPLETION"": 66.66666666666666, ""Q5_DELIVERY_COMPLETION"": 81.51041666666666, ""Q6_DELIVERY_COMPLETION"": 82.45614200000001, ""Q7_DELIVERY_COMPLETION"": 67.30769500000001, ""Q8_DELIVERY_COMPLETION"": 85.44774324999996, ""Q9_DELIVERY_COMPLETION"": 77.41934400000001}",729654.0,207.0,1094.0,True,0,1000,942,138,17.532783,True
msrcpsp_500_20_512_10_A,hybrid_hs_ga_guided_mutation_hs150_ga850,20,50.18,74.86,44.72,21.56,"{""PROJECT_COMPLETION"": 74.9166666666671, ""Q0_DELIVERY_COMPLETION"": 90.47620133333334, ""Q1_DELIVERY_COMPLETION"": 70.5, ""Q2_DELIVERY_COMPLETION"": 84.2342435, ""Q3_DELIVERY_COMPLETION"": 75.84539166666667, ""Q4_DELIVERY_COMPLETION"": 80.85937500000001, ""Q5_DELIVERY_COMPLETION"": 79.42708333333334, ""Q6_DELIVERY_COMPLETION"": 74.56140500000002, ""Q7_DELIVERY_COMPLETION"": 56.089745833333325, ""Q8_DELIVERY_COMPLETION"": 78.23381441666662, ""Q9_DELIVERY_COMPLETION"": 58.06450799999999}",720656.9,207.0,960.0,True,0,1000,990,138,17.389252,True
msrcpsp_500_20_512_10_A,hybrid_hs_ga_guided_mutation_hs150_ga850,21,49.89,75.08,43.03,21.41,"{""PROJECT_COMPLETION"": 74.35000000000048, ""Q0_DELIVERY_COMPLETION"": 91.66667766666666, ""Q1_DELIVERY_COMPLETION"": 49.0, ""Q2_DELIVERY_COMPLETION"": 92.792803, ""Q3_DELIVERY_COMPLETION"": 68.8405625, ""Q4_DELIVERY_COMPLETION"": 66.92708333333333, ""Q5_DELIVERY_COMPLETION"": 89.71354166666667, ""Q6_DELIVERY_COMPLETION"": 72.36842250000002, ""Q7_DELIVERY_COMPLETION"": 64.10256666666666, ""Q8_DELIVERY_COMPLETION"": 81.96515691666663, ""Q9_DELIVERY_COMPLETION"": 76.61289250000002}",738744.2,207.0,967.0,True,0,1000,978,138,17.650159,True
msrcpsp_500_20_512_10_A,hybrid_hs_ga_guided_mutation_hs150_ga850,22,49.44,72.22,43.71,23.44,"{""PROJECT_COMPLETION"": 71.36666666666709, ""Q0_DELIVERY_COMPLETION"": 85.71429599999999, ""Q1_DELIVERY_COMPLETION"": 60.5, ""Q2_DELIVERY_COMPLETION"": 84.90991925, ""Q3_DELIVERY_COMPLETION"": 66.30433125, ""Q4_DELIVERY_COMPLETION"": 57.682291666666664, ""Q5_DELIVERY_COMPLETION"": 79.55729166666666, ""Q6_DELIVERY_COMPLETION"": 78.94737, ""Q7_DELIVERY_COMPLETION"": 60.256412666666655, ""Q8_DELIVERY_COMPLETION"": 80.97013224999996, ""Q9_DELIVERY_COMPLETION"": 70.967732}",731494.9,207.0,883.0,True,0,1000,962,138,17.552904,True
msrcpsp_500_20_512_10_A,hybrid_hs_ga_guided_mutation_hs150_ga850,23,50.19,75.03,43.25,22.21,"{""PROJECT_COMPLETION"": 74.53333333333381, ""Q0_DELIVERY_COMPLETION"": 89.28572499999999, ""Q1_DELIVERY_COMPLETION"": 66.0, ""Q2_DELIVERY_COMPLETION"": 87.16217175, ""Q3_DELIVERY_COMPLETION"": 71.61833958333334, ""Q4_DELIVERY_COMPLETION"": 72.78645833333334, ""Q5_DELIVERY_COMPLETION"": 77.99479166666667, ""Q6_DELIVERY_COMPLETION"": 65.78947500000001, ""Q7_DELIVERY_COMPLETION"": 61.53846399999999, ""Q8_DELIVERY_COMPLETION"": 82.83580349999995, ""Q9_DELIVERY_COMPLETION"": 77.41934400000001}",736475.7,207.0,932.0,True,0,1000,1000,138,17.787968,True
msrcpsp_500_20_512_10_A,hybrid_hs_ga_guided_mutation_hs150_ga850,24,50.74,77.92,43.52,19.92,"{""PROJECT_COMPLETION"": 76.95000000000051, ""Q0_DELIVERY_COMPLETION"": 92.85715399999998, ""Q1_DELIVERY_COMPLETION"": 63.5, ""Q2_DELIVERY_COMPLETION"": 94.36937975, ""Q3_DELIVERY_COMPLETION"": 72.10143125, ""Q4_DELIVERY_COMPLETION"": 81.90104166666666, ""Q5_DELIVERY_COMPLETION"": 77.08333333333334, ""Q6_DELIVERY_COMPLETION"": 78.94737000000002, ""Q7_DELIVERY_COMPLETION"": 51.60256616666666, ""Q8_DELIVERY_COMPLETION"": 85.44774324999995, ""Q9_DELIVERY_COMPLETION"": 85.48385900000002}",733521.3,207.0,1039.0,True,0,1000,990,138,17.462572,True
msrcpsp_500_20_512_10_A,hybrid_hs_ga_guided_mutation_hs150_ga850,25,50.04,74.39,43.85,22.28,"{""PROJECT_COMPLETION"": 73.85000000000048, ""Q0_DELIVERY_COMPLETION"": 84.52381966666667, ""Q1_DELIVERY_COMPLETION"": 52.0, ""Q2_DELIVERY_COMPLETION"": 81.08109, ""Q3_DELIVERY_COMPLETION"": 69.32365416666667, ""Q4_DELIVERY_COMPLETION"": 74.609375, ""Q5_DELIVERY_COMPLETION"": 80.98958333333333, ""Q6_DELIVERY_COMPLETION"": 76.75438750000002, ""Q7_DELIVERY_COMPLETION"": 66.66666933333333, ""Q8_DELIVERY_COMPLETION"": 79.60197333333329, ""Q9_DELIVERY_COMPLETION"": 80.64515000000002}",730029.3,207.0,929.0,True,0,1000,998,138,17.47491,True
msrcpsp_500_20_512_10_A,hybrid_hs_ga_guided_mutation_hs150_ga850,26,49.3,73.94,42.49,21.52,"{""PROJECT_COMPLETION"": 73.35000000000043, ""Q0_DELIVERY_COMPLETION"": 83.33334333333333, ""Q1_DELIVERY_COMPLETION"": 50.0, ""Q2_DELIVERY_COMPLETION"": 83.783793, ""Q3_DELIVERY_COMPLETION"": 77.29466666666667, ""Q4_DELIVERY_COMPLETION"": 67.05729166666666, ""Q5_DELIVERY_COMPLETION"": 79.55729166666667, ""Q6_DELIVERY_COMPLETION"": 82.89473850000002, ""Q7_DELIVERY_COMPLETION"": 65.06410516666666, ""Q8_DELIVERY_COMPLETION"": 76.36814316666663, ""Q9_DELIVERY_COMPLETION"": 76.61289250000002}",744531.9,207.0,962.0,True,0,1000,997,138,17.535334,True
msrcpsp_500_20_512_10_A,hybrid_hs_ga_guided_mutation_hs150_ga850,27,50.3,76.08,44.79,20.29,"{""PROJECT_COMPLETION"": 75.48333333333385, ""Q0_DELIVERY_COMPLETION"": 82.142867, ""Q1_DELIVERY_COMPLETION"": 70.5, ""Q2_DELIVERY_COMPLETION"": 87.83784750000001, ""Q3_DELIVERY_COMPLETION"": 76.811575, ""Q4_DELIVERY_COMPLETION"": 65.625, ""Q5_DELIVERY_COMPLETION"": 77.99479166666666, ""Q6_DELIVERY_COMPLETION"": 79.82456300000003, ""Q7_DELIVERY_COMPLETION"": 61.85897683333332, ""Q8_DELIVERY_COMPLETION"": 81.71640074999995, ""Q9_DELIVERY_COMPLETION"": 79.03224700000001}",719895.1,207.0,1020.0,True,0,1000,991,138,17.500657,True
msrcpsp_500_20_512_10_A,hybrid_hs_ga_guided_mutation_hs150_ga850,28,50.48,76.39,44.3,20.7,"{""PROJECT_COMPLETION"": 76.36666666666716, ""Q0_DELIVERY_COMPLETION"": 86.90477233333333, ""Q1_DELIVERY_COMPLETION"": 68.0, ""Q2_DELIVERY_COMPLETION"": 88.73874850000001, ""Q3_DELIVERY_COMPLETION"": 77.65698541666667, ""Q4_DELIVERY_COMPLETION"": 67.70833333333333, ""Q5_DELIVERY_COMPLETION"": 77.734375, ""Q6_DELIVERY_COMPLETION"": 70.17544000000002, ""Q7_DELIVERY_COMPLETION"": 76.92308000000003, ""Q8_DELIVERY_COMPLETION"": 85.57212133333329, ""Q9_DELIVERY_COMPLETION"": 64.51611999999999}",725170.9,207.0,1000.0,True,0,1000,993,138,17.991597,True
msrcpsp_500_20_512_10_A,hybrid_hs_ga_guided_mutation_hs150_ga850,29,50.1,74.92,43.54,21.93,"{""PROJECT_COMPLETION"": 73.40000000000049, ""Q0_DELIVERY_COMPLETION"": 90.47620133333332, ""Q1_DELIVERY_COMPLETION"": 54.5, ""Q2_DELIVERY_COMPLETION"": 90.991001, ""Q3_DELIVERY_COMPLETION"": 71.014475, ""Q4_DELIVERY_COMPLETION"": 59.244791666666664, ""Q5_DELIVERY_COMPLETION"": 81.77083333333334, ""Q6_DELIVERY_COMPLETION"": 85.52631750000002, ""Q7_DELIVERY_COMPLETION"": 60.57692549999999, ""Q8_DELIVERY_COMPLETION"": 76.11938699999996, ""Q9_DELIVERY_COMPLETION"": 85.48385900000002}",733298.4,207.0,944.0,True,0,1000,992,138,17.505059,True
msrcpsp_500_20_512_10_A,hybrid_hs_ga_guided_mutation_hs150_ga850,30,49.81,73.8,43.22,22.72,"{""PROJECT_COMPLETION"": 72.6833333333338, ""Q0_DELIVERY_COMPLETION"": 90.47620133333334, ""Q1_DELIVERY_COMPLETION"": 58.0, ""Q2_DELIVERY_COMPLETION"": 87.83784750000001, ""Q3_DELIVERY_COMPLETION"": 59.057956250000004, ""Q4_DELIVERY_COMPLETION"": 73.828125, ""Q5_DELIVERY_COMPLETION"": 74.86979166666667, ""Q6_DELIVERY_COMPLETION"": 71.05263300000001, ""Q7_DELIVERY_COMPLETION"": 67.307695, ""Q8_DELIVERY_COMPLETION"": 80.47261991666662, ""Q9_DELIVERY_COMPLETION"": 79.8386985}",736697.9,207.0,911.0,True,0,1000,997,138,17.669799,True
